player_id,cont_id
865473,"865473_None"
865473,"865473_None"
865473,"865473_None"
865473,"865473_None"
865473,"865473_None"
865473,"865473_None"
865473,"865473_None"
865473,"865473_None"
865473,"865473_None"
865473,"865473_None"
933770,"933770_None"
933770,"933770_None"
933770,"933770_None"
933770,"933770_None"
990661,"990661_None"
990661,"990661_None"
990661,"990661_None"
990661,"990661_None"
990661,"990661_None"
990661,"990661_None"
990661,"990661_None"
990661,"990661_None"
359290,"359290_None"
359290,"359290_None"
359290,"359290_None"
359290,"359290_None"
359290,"359290_None"
359290,"359290_None"
359290,"359290_None"
359290,"359290_None"
1155867,"1155867_None"
1155867,"1155867_None"
1155867,"1155867_None"
1155867,"1155867_None"
1155867,"1155867_None"
1155867,"1155867_None"
1155867,"1155867_None"
1155867,"1155867_None"
249437,"249437_None"
249437,"249437_None"
249437,"249437_None"
249437,"249437_None"
249437,"249437_None"
249437,"249437_None"
249437,"249437_None"
249437,"249437_None"
249437,"249437_None"
249437,"249437_None"
894744,"894744_None"
894744,"894744_None"
894744,"894744_None"
894744,"894744_None"
894744,"894744_None"
894744,"894744_None"
894744,"894744_None"
894744,"894744_None"
894744,"894744_None"
894744,"894744_None"
27714,"27714_None"
27714,"27714_None"
27714,"27714_None"
27714,"27714_None"
27714,"27714_None"
27714,"27714_None"
27714,"27714_None"
27714,"27714_None"
27714,"27714_None"
27714,"27714_None"
27714,"27714_None"
27714,"27714_None"
27714,"27714_None"
27714,"27714_None"
27714,"27714_None"
27714,"27714_None"
27714,"27714_None"
27714,"27714_None"
27714,"27714_None"
1382913,"1382913_None"
1382913,"1382913_None"
340547,"340547_None"
340547,"340547_None"
340547,"340547_None"
340547,"340547_None"
340547,"340547_None"
340547,"340547_None"
340547,"340547_None"
340547,"340547_None"
340547,"340547_None"
340547,"340547_None"
340547,"340547_None"
340547,"340547_None"
340547,"340547_None"
340547,"340547_None"
1199422,"1199422_None"
359278,"359278_None"
359278,"359278_None"
359278,"359278_None"
359278,"359278_None"
359278,"359278_None"
359278,"359278_None"
359278,"359278_None"
359278,"359278_None"
359278,"359278_None"
359278,"359278_None"
1140890,"1140890_None"
1140890,"1140890_None"
1140890,"1140890_None"
340511,"340511_None"
340511,"340511_None"
340511,"340511_None"
340511,"340511_None"
340511,"340511_None"
340511,"340511_None"
340511,"340511_None"
1095732,"1095732_None"
1095732,"1095732_None"
1210560,"1210560_None"
1210560,"1210560_None"
1210560,"1210560_None"
1210560,"1210560_None"
1863859,"1863859_None"
880101,"880101_None"
880101,"880101_None"
880101,"880101_None"
880101,"880101_None"
880101,"880101_None"
880101,"880101_None"
2142026,"2142026_None"
2142026,"2142026_None"
973826,"973826_None"
973826,"973826_None"
973826,"973826_None"
973826,"973826_None"
973826,"973826_None"
973826,"973826_None"
973826,"973826_None"
973826,"973826_None"
973826,"973826_None"
973826,"973826_None"
973826,"973826_None"
1140872,"1140872_None"
1140872,"1140872_None"
965329,"965329_None"
965329,"965329_None"
965329,"965329_None"
965329,"965329_None"
965329,"965329_None"
965329,"965329_None"
965329,"965329_None"
809290,"809290_None"
809290,"809290_None"
809290,"809290_None"
809290,"809290_None"
809290,"809290_None"
809290,"809290_None"
809290,"809290_None"
1009188,"1009188_None"
1009188,"1009188_None"
1009188,"1009188_None"
1009188,"1009188_None"
970606,"970606_None"
970606,"970606_None"
970606,"970606_None"
970606,"970606_None"
970606,"970606_None"
1845545,"1845545_None"
1845545,"1845545_None"
970630,"970630_None"
970630,"970630_None"
970630,"970630_None"
970630,"970630_None"
970630,"970630_None"
1140796,"1140796_None"
1140796,"1140796_None"
1140796,"1140796_None"
1140796,"1140796_None"
2021713,"2021713_None"
2021713,"2021713_None"
2021713,"2021713_None"
919739,"919739_None"
919739,"919739_None"
919739,"919739_None"
919739,"919739_None"
919739,"919739_None"
919739,"919739_None"
919739,"919739_None"
919739,"919739_None"
971037,"971037_None"
971037,"971037_None"
971037,"971037_None"
971037,"971037_None"
971037,"971037_None"
971037,"971037_None"
986397,"986397_None"
986397,"986397_None"
986397,"986397_None"
986397,"986397_None"
986397,"986397_None"
1004433,"1004433_None"
1004433,"1004433_None"
1004433,"1004433_None"
1004433,"1004433_None"
1004433,"1004433_None"
1474715,"1474715_None"
1474715,"1474715_None"
1474715,"1474715_None"
919681,"919681_None"
919681,"919681_None"
919681,"919681_None"
919681,"919681_None"
919681,"919681_None"
919681,"919681_None"
1094481,"1094481_None"
1094481,"1094481_None"
1407116,"1407116_None"
1407116,"1407116_None"
919489,"919489_None"
919489,"919489_None"
919489,"919489_None"
919489,"919489_None"
919489,"919489_None"
1476706,"1476706_None"
1476706,"1476706_None"
1476706,"1476706_None"
1476706,"1476706_None"
1476706,"1476706_None"
978955,"978955_None"
978955,"978955_None"
978955,"978955_None"
919533,"919533_None"
919533,"919533_None"
919533,"919533_None"
919533,"919533_None"
919533,"919533_None"
919533,"919533_None"
919533,"919533_None"
919533,"919533_None"
919533,"919533_None"
919533,"919533_None"
919533,"919533_None"
919533,"919533_None"
1008872,"1008872_None"
1008872,"1008872_None"
1416474,"1416474_None"
1416474,"1416474_None"
1416474,"1416474_None"
1008631,"1008631_None"
1008631,"1008631_None"
1402635,"1402635_None"
1402635,"1402635_None"
1402635,"1402635_None"
1402635,"1402635_None"
1402635,"1402635_None"
1402635,"1402635_None"
1894253,"1894253_None"
1894253,"1894253_None"
1894253,"1894253_None"
1894253,"1894253_None"
1894253,"1894253_None"
1894253,"1894253_None"
178721,"178721_None"
178721,"178721_None"
178721,"178721_None"
178721,"178721_None"
178721,"178721_None"
178721,"178721_None"
178721,"178721_None"
1518450,"1518450_None"
1518450,"1518450_None"
1518450,"1518450_None"
1518450,"1518450_None"
919477,"919477_None"
919477,"919477_None"
923882,"923882_None"
923882,"923882_None"
923882,"923882_None"
923882,"923882_None"
923882,"923882_None"
1444497,"1444497_None"
1444497,"1444497_None"
1008347,"1008347_None"
1008347,"1008347_None"
2046059,"2046059_None"
2046059,"2046059_None"
2046059,"2046059_None"
2046059,"2046059_None"
2046059,"2046059_None"
2127597,"2127597_None"
359280,"359280_None"
359280,"359280_None"
359280,"359280_None"
359280,"359280_None"
359280,"359280_None"
359280,"359280_None"
359280,"359280_None"
359280,"359280_None"
359280,"359280_None"
359280,"359280_None"
359280,"359280_None"
1401592,"1401592_None"
1401592,"1401592_None"
1401592,"1401592_None"
1168800,"1168800_None"
1168800,"1168800_None"
1168800,"1168800_None"
1168800,"1168800_None"
1168800,"1168800_None"
1168800,"1168800_None"
1168800,"1168800_None"
1500985,"1500985_None"
1500985,"1500985_None"
961690,"961690_None"
961690,"961690_None"
961690,"961690_None"
961690,"961690_None"
961690,"961690_None"
961690,"961690_None"
544156,"544156_None"
544156,"544156_None"
544156,"544156_None"
544156,"544156_None"
544156,"544156_None"
544156,"544156_None"
544156,"544156_None"
544156,"544156_None"
544156,"544156_None"
944009,"944009_None"
944009,"944009_None"
944009,"944009_None"
944009,"944009_None"
944009,"944009_None"
944009,"944009_None"
944009,"944009_None"
944009,"944009_None"
944009,"944009_None"
944009,"944009_None"
374560,"374560_None"
374560,"374560_None"
374560,"374560_None"
374560,"374560_None"
374560,"374560_None"
374560,"374560_None"
374560,"374560_None"
374560,"374560_None"
374560,"374560_None"
374560,"374560_None"
374560,"374560_None"
374560,"374560_None"
1545316,"1545316_None"
1545316,"1545316_None"
1528418,"1528418_None"
1528418,"1528418_None"
919329,"919329_None"
919329,"919329_None"
919329,"919329_None"
919329,"919329_None"
919329,"919329_None"
919329,"919329_None"
919329,"919329_None"
1140935,"1140935_None"
1140935,"1140935_None"
1140855,"1140855_None"
1140855,"1140855_None"
1461681,"1461681_None"
1461681,"1461681_None"
1461320,"1461320_None"
1613042,"1613042_None"
1482836,"1482836_None"
1482836,"1482836_None"
1482836,"1482836_None"
812947,"812947_None"
812947,"812947_None"
812947,"812947_None"
812947,"812947_None"
812947,"812947_None"
812947,"812947_None"
812947,"812947_None"
812947,"812947_None"
812947,"812947_None"
812947,"812947_None"
812947,"812947_None"
812947,"812947_None"
812947,"812947_None"
812947,"812947_None"
812947,"812947_None"
1008599,"1008599_None"
1008599,"1008599_None"
1008599,"1008599_None"
1008599,"1008599_None"
826571,"826571_None"
826571,"826571_None"
826571,"826571_None"
826571,"826571_None"
826571,"826571_None"
826571,"826571_None"
826571,"826571_None"
1004523,"1004523_None"
1004523,"1004523_None"
1004523,"1004523_None"
1004523,"1004523_None"
1004523,"1004523_None"
316583,"316583_None"
316583,"316583_None"
316583,"316583_None"
316583,"316583_None"
316583,"316583_None"
316583,"316583_None"
316583,"316583_None"
316583,"316583_None"
316583,"316583_None"
316583,"316583_None"
316583,"316583_None"
316583,"316583_None"
1619134,"1619134_None"
1103558,"1103558_None"
1103558,"1103558_None"
1103558,"1103558_None"
1168800,"1168800_None"
1168800,"1168800_None"
1168800,"1168800_None"
1168800,"1168800_None"
1168800,"1168800_None"
1168800,"1168800_None"
1168800,"1168800_None"
1500985,"1500985_None"
1500985,"1500985_None"
961690,"961690_None"
961690,"961690_None"
961690,"961690_None"
961690,"961690_None"
961690,"961690_None"
961690,"961690_None"
544156,"544156_None"
544156,"544156_None"
544156,"544156_None"
544156,"544156_None"
544156,"544156_None"
544156,"544156_None"
544156,"544156_None"
544156,"544156_None"
544156,"544156_None"
944009,"944009_None"
944009,"944009_None"
944009,"944009_None"
944009,"944009_None"
944009,"944009_None"
944009,"944009_None"
944009,"944009_None"
944009,"944009_None"
944009,"944009_None"
944009,"944009_None"
374560,"374560_None"
374560,"374560_None"
374560,"374560_None"
374560,"374560_None"
374560,"374560_None"
374560,"374560_None"
374560,"374560_None"
374560,"374560_None"
374560,"374560_None"
374560,"374560_None"
374560,"374560_None"
374560,"374560_None"
1545316,"1545316_None"
1545316,"1545316_None"
1528418,"1528418_None"
1528418,"1528418_None"
919329,"919329_None"
919329,"919329_None"
919329,"919329_None"
919329,"919329_None"
919329,"919329_None"
919329,"919329_None"
919329,"919329_None"
1140935,"1140935_None"
1140935,"1140935_None"
1140855,"1140855_None"
1140855,"1140855_None"
1461681,"1461681_None"
1461681,"1461681_None"
1461320,"1461320_None"
1613042,"1613042_None"
1482836,"1482836_None"
1482836,"1482836_None"
1482836,"1482836_None"
812947,"812947_None"
812947,"812947_None"
812947,"812947_None"
812947,"812947_None"
812947,"812947_None"
812947,"812947_None"
812947,"812947_None"
812947,"812947_None"
812947,"812947_None"
812947,"812947_None"
812947,"812947_None"
812947,"812947_None"
812947,"812947_None"
812947,"812947_None"
812947,"812947_None"
1008599,"1008599_None"
1008599,"1008599_None"
1008599,"1008599_None"
1008599,"1008599_None"
826571,"826571_None"
826571,"826571_None"
826571,"826571_None"
826571,"826571_None"
826571,"826571_None"
826571,"826571_None"
826571,"826571_None"
1004523,"1004523_None"
1004523,"1004523_None"
1004523,"1004523_None"
1004523,"1004523_None"
1004523,"1004523_None"
316583,"316583_None"
316583,"316583_None"
316583,"316583_None"
316583,"316583_None"
316583,"316583_None"
316583,"316583_None"
316583,"316583_None"
316583,"316583_None"
316583,"316583_None"
316583,"316583_None"
316583,"316583_None"
316583,"316583_None"
1619134,"1619134_None"
1103558,"1103558_None"
1103558,"1103558_None"
1103558,"1103558_None"
919474,"919474_None"
919474,"919474_None"
1004426,"1004426_None"
1004426,"1004426_None"
1004426,"1004426_None"
1004426,"1004426_None"
1004426,"1004426_None"
1004426,"1004426_None"
1011278,"1011278_None"
1011278,"1011278_None"
1011278,"1011278_None"
1011278,"1011278_None"
1140820,"1140820_None"
1140820,"1140820_None"
1140820,"1140820_None"
1140820,"1140820_None"
1140820,"1140820_None"
1140820,"1140820_None"
1140820,"1140820_None"
1997651,"1997651_None"
1845576,"1845576_None"
1845576,"1845576_None"
1008621,"1008621_None"
1008621,"1008621_None"
1008621,"1008621_None"
1008621,"1008621_None"
1008621,"1008621_None"
1008621,"1008621_None"
1008621,"1008621_None"
1008621,"1008621_None"
1016143,"1016143_None"
1016143,"1016143_None"
1016143,"1016143_None"
1016143,"1016143_None"
1016143,"1016143_None"
1016143,"1016143_None"
1016143,"1016143_None"
1016143,"1016143_None"
1186787,"1186787_None"
1186787,"1186787_None"
1186787,"1186787_None"
1186787,"1186787_None"
1186787,"1186787_None"
1186787,"1186787_None"
1186787,"1186787_None"
796155,"796155_None"
796155,"796155_None"
796155,"796155_None"
796155,"796155_None"
796155,"796155_None"
796155,"796155_None"
796155,"796155_None"
1102955,"1102955_None"
1102955,"1102955_None"
1102955,"1102955_None"
1102955,"1102955_None"
1102955,"1102955_None"
1102955,"1102955_None"
1102955,"1102955_None"
1102955,"1102955_None"
1102955,"1102955_None"
544532,"544532_None"
544532,"544532_None"
544532,"544532_None"
544532,"544532_None"
544532,"544532_None"
544532,"544532_None"
544532,"544532_None"
544532,"544532_None"
544532,"544532_None"
1605928,"1605928_None"
1605928,"1605928_None"
1605928,"1605928_None"
797021,"797021_None"
797021,"797021_None"
797021,"797021_None"
797021,"797021_None"
797021,"797021_None"
797021,"797021_None"
797021,"797021_None"
797021,"797021_None"
797021,"797021_None"
797021,"797021_None"
1213240,"1213240_None"
1213240,"1213240_None"
1213240,"1213240_None"
1213240,"1213240_None"
1213240,"1213240_None"
970835,"970835_None"
970835,"970835_None"
970835,"970835_None"
970835,"970835_None"
330025,"330025_None"
330025,"330025_None"
330025,"330025_None"
330025,"330025_None"
330025,"330025_None"
330025,"330025_None"
330025,"330025_None"
330025,"330025_None"
330025,"330025_None"
330025,"330025_None"
1952096,"1952096_None"
1008280,"1008280_None"
1008280,"1008280_None"
919484,"919484_None"
919484,"919484_None"
906597,"906597_None"
906597,"906597_None"
906597,"906597_None"
906597,"906597_None"
906597,"906597_None"
906597,"906597_None"
906597,"906597_None"
906597,"906597_None"
906597,"906597_None"
970819,"970819_None"
970819,"970819_None"
970819,"970819_None"
1502265,"1502265_None"
1168799,"1168799_None"
971021,"971021_None"
971021,"971021_None"
971021,"971021_None"
971021,"971021_None"
970766,"970766_None"
970766,"970766_None"
970766,"970766_None"
919701,"919701_None"
919701,"919701_None"
919701,"919701_None"
1140885,"1140885_None"
1140885,"1140885_None"
1009912,"1009912_None"
1009912,"1009912_None"
1009912,"1009912_None"
1009912,"1009912_None"
1168539,"1168539_None"
1919278,"1919278_None"
1919278,"1919278_None"
1919278,"1919278_None"
1919278,"1919278_None"
1404064,"1404064_None"
1404064,"1404064_None"
1404064,"1404064_None"
1404064,"1404064_None"
1404064,"1404064_None"
1404064,"1404064_None"
2033440,"2033440_None"
2033440,"2033440_None"
1525540,"1525540_None"
1525540,"1525540_None"
1525540,"1525540_None"
1140850,"1140850_None"
1140850,"1140850_None"
1140850,"1140850_None"
1140850,"1140850_None"
1140850,"1140850_None"
1140850,"1140850_None"
1140850,"1140850_None"
1140850,"1140850_None"
2033781,"2033781_None"
2313076,"2313076_None"
2313076,"2313076_None"
2313076,"2313076_None"
2313076,"2313076_None"
2313076,"2313076_None"
2313076,"2313076_None"
2313076,"2313076_None"
2313076,"2313076_None"
939864,"939864_None"
939864,"939864_None"
939864,"939864_None"
939864,"939864_None"
939864,"939864_None"
939864,"939864_None"
939864,"939864_None"
939864,"939864_None"
939864,"939864_None"
939864,"939864_None"
919761,"919761_None"
919761,"919761_None"
1461306,"1461306_None"
1461306,"1461306_None"
1461306,"1461306_None"
1461306,"1461306_None"
1461306,"1461306_None"
1461306,"1461306_None"
884821,"884821_None"
884821,"884821_None"
884821,"884821_None"
884821,"884821_None"
884821,"884821_None"
884821,"884821_None"
884821,"884821_None"
884821,"884821_None"
1919308,"1919308_None"
1919308,"1919308_None"
1919308,"1919308_None"
1919308,"1919308_None"
1919308,"1919308_None"
1919284,"1919284_None"
1919284,"1919284_None"
1919284,"1919284_None"
1919284,"1919284_None"
1919284,"1919284_None"
1919284,"1919284_None"
1919284,"1919284_None"
1919284,"1919284_None"
1919284,"1919284_None"
1632047,"1632047_None"
1632047,"1632047_None"
1632047,"1632047_None"
919951,"919951_None"
919951,"919951_None"
919951,"919951_None"
919951,"919951_None"
919951,"919951_None"
919951,"919951_None"
1020148,"1020148_None"
1020148,"1020148_None"
1020148,"1020148_None"
1919295,"1919295_None"
1919295,"1919295_None"
1103646,"1103646_None"
1103646,"1103646_None"
919690,"919690_None"
919690,"919690_None"
919690,"919690_None"
919690,"919690_None"
919690,"919690_None"
359282,"359282_None"
359282,"359282_None"
359282,"359282_None"
359282,"359282_None"
1009758,"1009758_None"
1009758,"1009758_None"
1009758,"1009758_None"
1009758,"1009758_None"
1433799,"1433799_None"
1433799,"1433799_None"
1433799,"1433799_None"
1433799,"1433799_None"
1919278,"1919278_None"
1919278,"1919278_None"
1919278,"1919278_None"
1919278,"1919278_None"
1404064,"1404064_None"
1404064,"1404064_None"
1404064,"1404064_None"
1404064,"1404064_None"
1404064,"1404064_None"
1404064,"1404064_None"
2033440,"2033440_None"
2033440,"2033440_None"
1525540,"1525540_None"
1525540,"1525540_None"
1525540,"1525540_None"
1140850,"1140850_None"
1140850,"1140850_None"
1140850,"1140850_None"
1140850,"1140850_None"
1140850,"1140850_None"
1140850,"1140850_None"
1140850,"1140850_None"
1140850,"1140850_None"
2033781,"2033781_None"
2313076,"2313076_None"
2313076,"2313076_None"
2313076,"2313076_None"
2313076,"2313076_None"
2313076,"2313076_None"
2313076,"2313076_None"
2313076,"2313076_None"
2313076,"2313076_None"
939864,"939864_None"
939864,"939864_None"
939864,"939864_None"
939864,"939864_None"
939864,"939864_None"
939864,"939864_None"
939864,"939864_None"
939864,"939864_None"
939864,"939864_None"
939864,"939864_None"
919761,"919761_None"
919761,"919761_None"
919469,"919469_None"
919469,"919469_None"
919469,"919469_None"
919469,"919469_None"
919469,"919469_None"
919469,"919469_None"
919469,"919469_None"
1954173,"1954173_None"
1140833,"1140833_None"
1140833,"1140833_None"
1140833,"1140833_None"
1140833,"1140833_None"
2203635,"2203635_None"
2203635,"2203635_None"
2203635,"2203635_None"
1102957,"1102957_None"
1102957,"1102957_None"
1102957,"1102957_None"
1155596,"1155596_None"
1182584,"1182584_None"
1182584,"1182584_None"
845274,"845274_None"
845274,"845274_None"
845274,"845274_None"
845274,"845274_None"
845274,"845274_None"
845274,"845274_None"
845274,"845274_None"
845274,"845274_None"
845274,"845274_None"
845274,"845274_None"
845274,"845274_None"
845274,"845274_None"
845274,"845274_None"
845274,"845274_None"
1170317,"1170317_None"
1170317,"1170317_None"
1170317,"1170317_None"
1170317,"1170317_None"
978956,"978956_None"
366156,"366156_None"
366156,"366156_None"
366156,"366156_None"
366156,"366156_None"
366156,"366156_None"
366156,"366156_None"
366156,"366156_None"
366156,"366156_None"
366156,"366156_None"
366156,"366156_None"
366156,"366156_None"
366156,"366156_None"
366156,"366156_None"
366156,"366156_None"
366156,"366156_None"
366156,"366156_None"
366156,"366156_None"
366156,"366156_None"
1114480,"1114480_None"
297510,"297510_None"
297510,"297510_None"
297510,"297510_None"
297510,"297510_None"
297510,"297510_None"
297510,"297510_None"
297510,"297510_None"
297510,"297510_None"
297510,"297510_None"
297510,"297510_None"
297510,"297510_None"
919532,"919532_None"
919532,"919532_None"
919532,"919532_None"
919532,"919532_None"
919532,"919532_None"
919532,"919532_None"
919532,"919532_None"
919532,"919532_None"
919532,"919532_None"
919532,"919532_None"
1166995,"1166995_None"
1166995,"1166995_None"
1166995,"1166995_None"
1166995,"1166995_None"
919671,"919671_None"
919671,"919671_None"
919671,"919671_None"
919671,"919671_None"
919671,"919671_None"
1823726,"1823726_None"
1823726,"1823726_None"
1401535,"1401535_None"
1401535,"1401535_None"
1401535,"1401535_None"
934196,"934196_None"
934196,"934196_None"
934196,"934196_None"
934196,"934196_None"
934196,"934196_None"
934196,"934196_None"
934196,"934196_None"
867180,"867180_None"
867180,"867180_None"
867180,"867180_None"
867180,"867180_None"
867180,"867180_None"
867180,"867180_None"
867180,"867180_None"
867180,"867180_None"
867180,"867180_None"
867180,"867180_None"
1140803,"1140803_None"
1140803,"1140803_None"
1095727,"1095727_None"
1095727,"1095727_None"
782542,"782542_None"
782542,"782542_None"
782542,"782542_None"
1014377,"1014377_None"
1014377,"1014377_None"
1014377,"1014377_None"
1525293,"1525293_None"
970592,"970592_None"
970592,"970592_None"
970592,"970592_None"
970592,"970592_None"
970592,"970592_None"
970592,"970592_None"
970592,"970592_None"
970592,"970592_None"
141967,"141967_None"
141967,"141967_None"
141967,"141967_None"
141967,"141967_None"
141967,"141967_None"
141967,"141967_None"
141967,"141967_None"
141967,"141967_None"
970755,"970755_None"
970755,"970755_None"
970755,"970755_None"
970755,"970755_None"
970755,"970755_None"
1118615,"1118615_None"
2265493,"2265493_None"
2265493,"2265493_None"
2265493,"2265493_None"
2265493,"2265493_None"
2265493,"2265493_None"
2265493,"2265493_None"
2265493,"2265493_None"
1525321,"1525321_None"
1525321,"1525321_None"
1525321,"1525321_None"
1525321,"1525321_None"
1140863,"1140863_None"
1140863,"1140863_None"
1140863,"1140863_None"
1140863,"1140863_None"
1140863,"1140863_None"
1140863,"1140863_None"
1140863,"1140863_None"
1140863,"1140863_None"
1923105,"1923105_None"
1923105,"1923105_None"
1923105,"1923105_None"
1923105,"1923105_None"
1923105,"1923105_None"
2161830,"2161830_None"
2161830,"2161830_None"
2161830,"2161830_None"
2161837,"2161837_None"
2161838,"2161838_None"
2161833,"2161833_None"
2161833,"2161833_None"
2161833,"2161833_None"
2161833,"2161833_None"
2161833,"2161833_None"
2161833,"2161833_None"
2161833,"2161833_None"
1103074,"1103074_None"
1103074,"1103074_None"
1103074,"1103074_None"
1103074,"1103074_None"
1387222,"1387222_None"
1387222,"1387222_None"
1387222,"1387222_None"
1525311,"1525311_None"
1525311,"1525311_None"
1525311,"1525311_None"
1525311,"1525311_None"
1525311,"1525311_None"
1525311,"1525311_None"
2161839,"2161839_None"
2161841,"2161841_None"
2161841,"2161841_None"
2161841,"2161841_None"
2161841,"2161841_None"
2161827,"2161827_None"
2161840,"2161840_None"
2161840,"2161840_None"
2161840,"2161840_None"
2161840,"2161840_None"
2161842,"2161842_None"
2161847,"2161847_None"
2161847,"2161847_None"
2161831,"2161831_None"
2161829,"2161829_None"
2161829,"2161829_None"
2161829,"2161829_None"
2161829,"2161829_None"
2265485,"2265485_None"
2265485,"2265485_None"
2265485,"2265485_None"
2265485,"2265485_None"
2265476,"2265476_None"
2265476,"2265476_None"
2265476,"2265476_None"
2265476,"2265476_None"
2265476,"2265476_None"
1525302,"1525302_None"
1525302,"1525302_None"
1525302,"1525302_None"
1525302,"1525302_None"
1525302,"1525302_None"
1525302,"1525302_None"
1525302,"1525302_None"
1464128,"1464128_None"
1464128,"1464128_None"
1464128,"1464128_None"
2161828,"2161828_None"
1014438,"1014438_None"
1014438,"1014438_None"
1014438,"1014438_None"
1004432,"1004432_None"
1004432,"1004432_None"
1004432,"1004432_None"
1004432,"1004432_None"
2161824,"2161824_None"
2265465,"2265465_None"
2265465,"2265465_None"
2265465,"2265465_None"
1140956,"1140956_None"
1140956,"1140956_None"
1140956,"1140956_None"
2161843,"2161843_None"
2161835,"2161835_None"
2161835,"2161835_None"
2161835,"2161835_None"
2161835,"2161835_None"
2161835,"2161835_None"
2161845,"2161845_None"
2161845,"2161845_None"
1874639,"1874639_None"
1874639,"1874639_None"
1874639,"1874639_None"
1029681,"1029681_None"
1029681,"1029681_None"
1029681,"1029681_None"
1029681,"1029681_None"
1029681,"1029681_None"
1029681,"1029681_None"
1029681,"1029681_None"
1404139,"1404139_None"
1404139,"1404139_None"
1404139,"1404139_None"
1404139,"1404139_None"
1140816,"1140816_None"
1140816,"1140816_None"
1140961,"1140961_None"
1140961,"1140961_None"
1140961,"1140961_None"
912144,"912144_None"
912144,"912144_None"
912144,"912144_None"
912144,"912144_None"
912144,"912144_None"
912144,"912144_None"
912144,"912144_None"
912144,"912144_None"
912144,"912144_None"
912144,"912144_None"
912144,"912144_None"
912144,"912144_None"
912144,"912144_None"
912144,"912144_None"
912144,"912144_None"
1525299,"1525299_None"
1525299,"1525299_None"
1525299,"1525299_None"
1525299,"1525299_None"
1920160,"1920160_None"
1177366,"1177366_None"
1177366,"1177366_None"
1177366,"1177366_None"
1177366,"1177366_None"
1177366,"1177366_None"
1177366,"1177366_None"
1140899,"1140899_None"
1140899,"1140899_None"
2161836,"2161836_None"
2161836,"2161836_None"
2161836,"2161836_None"
2161836,"2161836_None"
2127598,"2127598_None"
919555,"919555_None"
919555,"919555_None"
919555,"919555_None"
919555,"919555_None"
919555,"919555_None"
919555,"919555_None"
919555,"919555_None"
919555,"919555_None"
2002209,"2002209_None"
1140962,"1140962_None"
1140962,"1140962_None"
1140962,"1140962_None"
1140962,"1140962_None"
1140962,"1140962_None"
919738,"919738_None"
919738,"919738_None"
919738,"919738_None"
919738,"919738_None"
919738,"919738_None"
919738,"919738_None"
919738,"919738_None"
919738,"919738_None"
919738,"919738_None"
919738,"919738_None"
919738,"919738_None"
1004256,"1004256_None"
1004256,"1004256_None"
1004427,"1004427_None"
1004427,"1004427_None"
1004427,"1004427_None"
1004427,"1004427_None"
1004427,"1004427_None"
1004427,"1004427_None"
1919273,"1919273_None"
1919273,"1919273_None"
1919273,"1919273_None"
1919273,"1919273_None"
1919290,"1919290_None"
1919290,"1919290_None"
1919290,"1919290_None"
1919290,"1919290_None"
1919290,"1919290_None"
1919297,"1919297_None"
1919297,"1919297_None"
1919330,"1919330_None"
1919330,"1919330_None"
1919330,"1919330_None"
1919330,"1919330_None"
1919307,"1919307_None"
1919307,"1919307_None"
794543,"794543_None"
794543,"794543_None"
794543,"794543_None"
794543,"794543_None"
970634,"970634_None"
1920270,"1920270_None"
1916066,"1916066_None"
1916066,"1916066_None"
1004247,"1004247_None"
1897485,"1897485_None"
1897485,"1897485_None"
2265920,"2265920_None"
2265920,"2265920_None"
2265920,"2265920_None"
788969,"788969_None"
788969,"788969_None"
788969,"788969_None"
788969,"788969_None"
788969,"788969_None"
788969,"788969_None"
788969,"788969_None"
788969,"788969_None"
788969,"788969_None"
788969,"788969_None"
788969,"788969_None"
788969,"788969_None"
788969,"788969_None"
788969,"788969_None"
788969,"788969_None"
285941,"285941_None"
285941,"285941_None"
285941,"285941_None"
285941,"285941_None"
285941,"285941_None"
285941,"285941_None"
285941,"285941_None"
285941,"285941_None"
285941,"285941_None"
285941,"285941_None"
285941,"285941_None"
285941,"285941_None"
285941,"285941_None"
981300,"981300_None"
981300,"981300_None"
981300,"981300_None"
981300,"981300_None"
981300,"981300_None"
981300,"981300_None"
981300,"981300_None"
1004260,"1004260_None"
1004260,"1004260_None"
1004260,"1004260_None"
1004260,"1004260_None"
1185396,"1185396_None"
1185396,"1185396_None"
1185396,"1185396_None"
1185396,"1185396_None"
930851,"930851_None"
930851,"930851_None"
930851,"930851_None"
930851,"930851_None"
930851,"930851_None"
930851,"930851_None"
930851,"930851_None"
919527,"919527_None"
919527,"919527_None"
919527,"919527_None"
1004540,"1004540_None"
1004547,"1004547_None"
1004547,"1004547_None"
1004547,"1004547_None"
1004547,"1004547_None"
1004547,"1004547_None"
1004547,"1004547_None"
1004547,"1004547_None"
1004547,"1004547_None"
1004547,"1004547_None"
1004547,"1004547_None"
1004547,"1004547_None"
782500,"782500_None"
782500,"782500_None"
782500,"782500_None"
782500,"782500_None"
782500,"782500_None"
782500,"782500_None"
782500,"782500_None"
782500,"782500_None"
782500,"782500_None"
2053850,"2053850_None"
2053850,"2053850_None"
359288,"359288_None"
359288,"359288_None"
359288,"359288_None"
359288,"359288_None"
359288,"359288_None"
359288,"359288_None"
882322,"882322_None"
882322,"882322_None"
882322,"882322_None"
882322,"882322_None"
882322,"882322_None"
882322,"882322_None"
1140920,"1140920_None"
1140920,"1140920_None"
1140920,"1140920_None"
1140920,"1140920_None"
1140846,"1140846_None"
1919291,"1919291_None"
966618,"966618_None"
966618,"966618_None"
966618,"966618_None"
966618,"966618_None"
966618,"966618_None"
966618,"966618_None"
1107604,"1107604_None"
1107604,"1107604_None"
1107604,"1107604_None"
1095734,"1095734_None"
1095734,"1095734_None"
1095734,"1095734_None"
997038,"997038_None"
997038,"997038_None"
997038,"997038_None"
997038,"997038_None"
997038,"997038_None"
997038,"997038_None"
997038,"997038_None"
997038,"997038_None"
997038,"997038_None"
1923776,"1923776_None"
1923776,"1923776_None"
1923776,"1923776_None"
1923776,"1923776_None"
1923776,"1923776_None"
1095733,"1095733_None"
1095733,"1095733_None"
1095733,"1095733_None"
1095733,"1095733_None"
1525284,"1525284_None"
1525284,"1525284_None"
1525284,"1525284_None"
1525284,"1525284_None"
1525284,"1525284_None"
1525284,"1525284_None"
1994372,"1994372_None"
1140894,"1140894_None"
1140894,"1140894_None"
1140894,"1140894_None"
1140894,"1140894_None"
1013427,"1013427_None"
1013427,"1013427_None"
1013427,"1013427_None"
1013427,"1013427_None"
1013427,"1013427_None"
1013427,"1013427_None"
1013427,"1013427_None"
1407530,"1407530_None"
1407530,"1407530_None"
1407530,"1407530_None"
1407530,"1407530_None"
1942512,"1942512_None"
1942512,"1942512_None"
1957278,"1957278_None"
1957278,"1957278_None"
1095721,"1095721_None"
1095721,"1095721_None"
1095721,"1095721_None"
1095721,"1095721_None"
1095721,"1095721_None"
1095721,"1095721_None"
1095721,"1095721_None"
919342,"919342_None"
919342,"919342_None"
919342,"919342_None"
919342,"919342_None"
919342,"919342_None"
919342,"919342_None"
919342,"919342_None"
919342,"919342_None"
919342,"919342_None"
919342,"919342_None"
919342,"919342_None"
919342,"919342_None"
919342,"919342_None"
919342,"919342_None"
919342,"919342_None"
919462,"919462_None"
919462,"919462_None"
919462,"919462_None"
919462,"919462_None"
919462,"919462_None"
919462,"919462_None"
919462,"919462_None"
1525294,"1525294_None"
1525294,"1525294_None"
1525294,"1525294_None"
1525294,"1525294_None"
1525294,"1525294_None"
1525294,"1525294_None"
1525294,"1525294_None"
1140829,"1140829_None"
1140829,"1140829_None"
1095728,"1095728_None"
1095728,"1095728_None"
1095728,"1095728_None"
1919276,"1919276_None"
1919276,"1919276_None"
1919276,"1919276_None"
1010827,"1010827_None"
1010827,"1010827_None"
1457867,"1457867_None"
1140818,"1140818_None"
1140818,"1140818_None"
1140818,"1140818_None"
1140818,"1140818_None"
1140818,"1140818_None"
1525306,"1525306_None"
1525306,"1525306_None"
1525306,"1525306_None"
1525306,"1525306_None"
1140911,"1140911_None"
1140911,"1140911_None"
1140911,"1140911_None"
1140911,"1140911_None"
1000440,"1000440_None"
1000440,"1000440_None"
1000440,"1000440_None"
1546502,"1546502_None"
1546502,"1546502_None"
1546502,"1546502_None"
1546502,"1546502_None"
919768,"919768_None"
919768,"919768_None"
1140922,"1140922_None"
1140922,"1140922_None"
1140922,"1140922_None"
1140922,"1140922_None"
1140922,"1140922_None"
1004249,"1004249_None"
1004249,"1004249_None"
1004249,"1004249_None"
1004249,"1004249_None"
1004249,"1004249_None"
919632,"919632_None"
919632,"919632_None"
919632,"919632_None"
919632,"919632_None"
919632,"919632_None"
919632,"919632_None"
919632,"919632_None"
919632,"919632_None"
919632,"919632_None"
919632,"919632_None"
1008634,"1008634_None"
1008634,"1008634_None"
1063163,"1063163_None"
1063163,"1063163_None"
1063163,"1063163_None"
1063163,"1063163_None"
1063163,"1063163_None"
1063163,"1063163_None"
1063163,"1063163_None"
1063163,"1063163_None"
1063163,"1063163_None"
1063163,"1063163_None"
2003720,"2003720_None"
2003720,"2003720_None"
2003720,"2003720_None"
2003720,"2003720_None"
1140842,"1140842_None"
1597138,"1597138_None"
972819,"972819_None"
972819,"972819_None"
972819,"972819_None"
972819,"972819_None"
972819,"972819_None"
1182630,"1182630_None"
864774,"864774_None"
864774,"864774_None"
864774,"864774_None"
864774,"864774_None"
864774,"864774_None"
864774,"864774_None"
864774,"864774_None"
864774,"864774_None"
864774,"864774_None"
997190,"997190_None"
997190,"997190_None"
372340,"372340_None"
372340,"372340_None"
372340,"372340_None"
372340,"372340_None"
372340,"372340_None"
372340,"372340_None"
372340,"372340_None"
372340,"372340_None"
372340,"372340_None"
372340,"372340_None"
372340,"372340_None"
372340,"372340_None"
372340,"372340_None"
372340,"372340_None"
372340,"372340_None"
372340,"372340_None"
372340,"372340_None"
372340,"372340_None"
372340,"372340_None"
1947611,"1947611_None"
1461782,"1461782_None"
1182631,"1182631_None"
1013197,"1013197_None"
1013197,"1013197_None"
1013197,"1013197_None"
1013197,"1013197_None"
1013197,"1013197_None"
1140799,"1140799_None"
1140843,"1140843_None"
1140843,"1140843_None"
1140843,"1140843_None"
1866207,"1866207_None"
975173,"975173_None"
975173,"975173_None"
975173,"975173_None"
975173,"975173_None"
975173,"975173_None"
975173,"975173_None"
975173,"975173_None"
975173,"975173_None"
975173,"975173_None"
1634303,"1634303_None"
1634303,"1634303_None"
1634303,"1634303_None"
1634303,"1634303_None"
1634303,"1634303_None"
1634303,"1634303_None"
1592863,"1592863_None"
1592863,"1592863_None"
1592863,"1592863_None"
988630,"988630_None"
988630,"988630_None"
988630,"988630_None"
988630,"988630_None"
988630,"988630_None"
988630,"988630_None"
988630,"988630_None"
988630,"988630_None"
988630,"988630_None"
988630,"988630_None"
988630,"988630_None"
1008871,"1008871_None"
1008871,"1008871_None"
1008871,"1008871_None"
1655428,"1655428_None"
1606005,"1606005_None"
1463237,"1463237_None"
1089964,"1089964_None"
1089964,"1089964_None"
1089964,"1089964_None"
2169554,"2169554_None"
2169554,"2169554_None"
2169554,"2169554_None"
2169554,"2169554_None"
141072,"141072_None"
141072,"141072_None"
141072,"141072_None"
141072,"141072_None"
141072,"141072_None"
141072,"141072_None"
141072,"141072_None"
141072,"141072_None"
141072,"141072_None"
141072,"141072_None"
141072,"141072_None"
141072,"141072_None"
141072,"141072_None"
141072,"141072_None"
141072,"141072_None"
141072,"141072_None"
1484767,"1484767_None"
1484767,"1484767_None"
1870410,"1870410_None"
1870410,"1870410_None"
1525303,"1525303_None"
1525303,"1525303_None"
1525303,"1525303_None"
1525303,"1525303_None"
1525303,"1525303_None"
1525303,"1525303_None"
1525303,"1525303_None"
1525303,"1525303_None"
1525303,"1525303_None"
1099412,"1099412_None"
1099412,"1099412_None"
1099412,"1099412_None"
1099412,"1099412_None"
919954,"919954_None"
919954,"919954_None"
1140943,"1140943_None"
1140943,"1140943_None"
1140943,"1140943_None"
1140945,"1140945_None"
1140945,"1140945_None"
1140945,"1140945_None"
1596891,"1596891_None"
1596891,"1596891_None"
1596891,"1596891_None"
1596891,"1596891_None"
1596891,"1596891_None"
1596891,"1596891_None"
1596891,"1596891_None"
1471617,"1471617_None"
1471617,"1471617_None"
1471617,"1471617_None"
1592653,"1592653_None"
1592653,"1592653_None"
1592653,"1592653_None"
1592653,"1592653_None"
1592653,"1592653_None"
1488437,"1488437_None"
1488437,"1488437_None"
1488437,"1488437_None"
1488437,"1488437_None"
1170665,"1170665_None"
1170665,"1170665_None"
1170665,"1170665_None"
1140927,"1140927_None"
1140927,"1140927_None"
1140927,"1140927_None"
1494677,"1494677_None"
1494677,"1494677_None"
1494677,"1494677_None"
1006303,"1006303_None"
1006303,"1006303_None"
1006303,"1006303_None"
1006303,"1006303_None"
1006303,"1006303_None"
1006303,"1006303_None"
1655335,"1655335_None"
1655335,"1655335_None"
1655335,"1655335_None"
1655335,"1655335_None"
1008879,"1008879_None"
1008879,"1008879_None"
1008879,"1008879_None"
1008879,"1008879_None"
1008879,"1008879_None"
1408170,"1408170_None"
1408170,"1408170_None"
1160527,"1160527_None"
1160527,"1160527_None"
1538716,"1538716_None"
1538716,"1538716_None"
1538716,"1538716_None"
1538716,"1538716_None"
1413546,"1413546_None"
1413546,"1413546_None"
1413546,"1413546_None"
1413546,"1413546_None"
1413546,"1413546_None"
1009910,"1009910_None"
1009910,"1009910_None"
1009910,"1009910_None"
1009910,"1009910_None"
1009910,"1009910_None"
1009910,"1009910_None"
2267001,"2267001_None"
2267001,"2267001_None"
2267001,"2267001_None"
2267001,"2267001_None"
1140875,"1140875_None"
1140875,"1140875_None"
919662,"919662_None"
919662,"919662_None"
919662,"919662_None"
919662,"919662_None"
919662,"919662_None"
919662,"919662_None"
919662,"919662_None"
2162072,"2162072_None"
1095725,"1095725_None"
1095725,"1095725_None"
1416350,"1416350_None"
1416350,"1416350_None"
1471574,"1471574_None"
1471574,"1471574_None"
1471574,"1471574_None"
1471574,"1471574_None"
1471574,"1471574_None"
1605031,"1605031_None"
1605031,"1605031_None"
1605031,"1605031_None"
1020959,"1020959_None"
1020959,"1020959_None"
1140870,"1140870_None"
1140870,"1140870_None"
1140870,"1140870_None"
1140870,"1140870_None"
1140870,"1140870_None"
1140870,"1140870_None"
1140870,"1140870_None"
1855780,"1855780_None"
1140933,"1140933_None"
1140933,"1140933_None"
1140933,"1140933_None"
1140933,"1140933_None"
1140933,"1140933_None"
1004248,"1004248_None"
1004248,"1004248_None"
1004248,"1004248_None"
1004248,"1004248_None"
1004248,"1004248_None"
1004248,"1004248_None"
1140934,"1140934_None"
1140934,"1140934_None"
1140934,"1140934_None"
919485,"919485_None"
919485,"919485_None"
919485,"919485_None"
919485,"919485_None"
919485,"919485_None"
1655612,"1655612_None"
1021152,"1021152_None"
1022302,"1022302_None"
1022302,"1022302_None"
1112763,"1112763_None"
1112763,"1112763_None"
1112763,"1112763_None"
1112763,"1112763_None"
1461307,"1461307_None"
1461307,"1461307_None"
1015235,"1015235_None"
1015235,"1015235_None"
1015235,"1015235_None"
1015235,"1015235_None"
970834,"970834_None"
970834,"970834_None"
919942,"919942_None"
919942,"919942_None"
919942,"919942_None"
1140857,"1140857_None"
1140857,"1140857_None"
1140857,"1140857_None"
1140958,"1140958_None"
1140958,"1140958_None"
1140958,"1140958_None"
1140958,"1140958_None"
1140958,"1140958_None"
919749,"919749_None"
919749,"919749_None"
919749,"919749_None"
919749,"919749_None"
919749,"919749_None"
1212072,"1212072_None"
1597135,"1597135_None"
1597135,"1597135_None"
1112630,"1112630_None"
1112630,"1112630_None"
1112630,"1112630_None"
1112630,"1112630_None"
1112630,"1112630_None"
919685,"919685_None"
919685,"919685_None"
919685,"919685_None"
919685,"919685_None"
919685,"919685_None"
919685,"919685_None"
1525309,"1525309_None"
1525309,"1525309_None"
2267315,"2267315_None"
2267315,"2267315_None"
2267315,"2267315_None"
2267314,"2267314_None"
2267314,"2267314_None"
2267314,"2267314_None"
2267339,"2267339_None"
2267339,"2267339_None"
281093,"281093_None"
281093,"281093_None"
281093,"281093_None"
281093,"281093_None"
281093,"281093_None"
281093,"281093_None"
281093,"281093_None"
281093,"281093_None"
281093,"281093_None"
281093,"281093_None"
281093,"281093_None"
281093,"281093_None"
281093,"281093_None"
281093,"281093_None"
281093,"281093_None"
919770,"919770_None"
919770,"919770_None"
919770,"919770_None"
919770,"919770_None"
919770,"919770_None"
919770,"919770_None"
2267304,"2267304_None"
1401968,"1401968_None"
1401968,"1401968_None"
1401968,"1401968_None"
1401968,"1401968_None"
2267331,"2267331_None"
2267337,"2267337_None"
2267337,"2267337_None"
2267337,"2267337_None"
2267307,"2267307_None"
2267307,"2267307_None"
2267307,"2267307_None"
2267307,"2267307_None"
2267307,"2267307_None"
2267327,"2267327_None"
2267327,"2267327_None"
2267327,"2267327_None"
2267329,"2267329_None"
2267329,"2267329_None"
2267329,"2267329_None"
2267334,"2267334_None"
2267334,"2267334_None"
1014435,"1014435_None"
1014435,"1014435_None"
1014435,"1014435_None"
1014435,"1014435_None"
1014435,"1014435_None"
1014435,"1014435_None"
1014435,"1014435_None"
1020321,"1020321_None"
1020321,"1020321_None"
1020321,"1020321_None"
2267303,"2267303_None"
2267303,"2267303_None"
