id,season,matches_played,goals,assists,yellow_cards,red_cards,clean_sheets,win_rate,possession,passing_accuracy,shots_per_game,rating
"865473_1115_80446","CAF Confederations Cup 25/26",,0,0,0,0,,,0,77.272727272727,,6.5
"865473_1115_44969","CAF Confederations Cup 22/23",,1,1,1,0,,,7,75.965665236052,,6.6
"865473_1115_38395","CAF Confederations Cup 21/22",,3,0,0,0,,,4,76.047904191617,,7.2666666666667
"933770_1115_80446","CAF Confederations Cup 25/26",,0,0,0,0,,,0,67.857142857143,,6.1
"933770_937_78750","Botola Pro 25/26",,4,1,1,0,,,,76.34,,7.2142857142857
"933770_937_65433","Botola Pro 24/25",,8,2,4,0,,,,73.61,,7.0307692307692
"990661_1115_80446","CAF Confederations Cup 25/26",,0,0,0,0,,,0,0,,6.5
"990661_1115_53523","CAF Confederations Cup 23/24",,1,0,1,0,,,4,75.36231884058,,6.825
"990661_1115_44969","CAF Confederations Cup 22/23",,1,2,2,0,,,8,70.292887029289,,6.825
"359290_937_78750","Botola Pro 25/26",,0,0,0,0,,,,83.33,,6.52
"359290_937_54108","Botola Pro 23/24",,0,1,0,0,,,,0,,7.1
"359290_808_68147","Egyptian Premier League 24/25",,2,1,0,0,,,3,70.32967032967,,6.6666666666667
"1155867_1054_38336","CAF Champions League 21/22",,0,0,0,0,,,0,0,,0
"1155867_937_65433","Botola Pro 24/25",,0,0,1,0,,,,,,
"249437_14627_74802","Qatar Cup 2025",,0,0,0,0,,,,78.72,,6.65
"249437_13_56249","World Cup Qual. CAF  2025",,2,0,1,0,,,,,,
"249437_52_63814","Trendyol Süper Lig 24/25",,0,1,1,0,,,4,79.220779220779,,7.02
"894744_1115_80446","CAF Confederations Cup 25/26",,0,2,0,0,,,3,77.333333333333,,6.7
"894744_1115_38395","CAF Confederations Cup 21/22",,1,1,1,0,,,9,76.737160120846,,6.8375
"894744_1115_34873","CAF Confederations Cup 20/21",,0,0,0,0,,,0,73.170731707317,,6.7
"27714_1115_80446","CAF Confederations Cup 25/26",,1,0,1,0,,,2,72.58064516129,,7.4
"27714_937_78750","Botola Pro 25/26",,1,2,1,0,,,,70.29,,7.1571428571429
"27714_357_69619","FIFA Club World Cup 2025",,0,1,1,0,,,0,70.37037037037,,6.5666666666667
"1382913_937_65433","Botola Pro 24/25",,0,2,1,0,,,,79.12,,6.7857142857143
"1382913_92_56974","Carioca 2024",,0,1,0,0,,,,95.93,,6.975
"1382913_92_47664","Carioca 2023",,0,0,0,0,,,,89.47,,6.7
"340547_937_65433","Botola Pro 24/25",,2,2,0,0,,,,80.81,,7.188
"340547_136_54447","A-League Men 23/24",,1,1,4,0,,,9,87.714663143989,,7.5230769230769
"340547_463_52561","AFC Champions League Elite 23/24",,0,0,0,0,,,5,84.765625,,7.2166666666667
"1199422_937_65433","Botola Pro 24/25",,0,0,1,0,,,,86.49,,6.4625
"1199422_10772_57249","Copinha 2024",,6,0,0,0,,,,90.06,,
"1199422_10772_47811","Copinha 2023",,0,0,0,0,,,,84,,
"359278_1115_80446","CAF Confederations Cup 25/26",,0,1,0,0,,,0,82.666666666667,,6.95
"359278_937_78750","Botola Pro 25/26",,1,0,1,0,,,,75.64,,6.9
"359278_937_65433","Botola Pro 24/25",,3,2,3,0,,,,81.43,,7.3090909090909
"1140890_1115_80446","CAF Confederations Cup 25/26",,0,0,0,0,,,0,87.012987012987,,8
"1140890_937_78750","Botola Pro 25/26",,0,0,3,0,,,,85.27,,7.0857142857143
"1140890_937_65433","Botola Pro 24/25",,1,1,9,1,,,,73.66,,6.9478260869565
"340511_1115_80446","CAF Confederations Cup 25/26",,1,0,0,0,,,0,33.333333333333,,6.8
"340511_937_78750","Botola Pro 25/26",,0,0,0,0,,,,70.37,,6.6333333333333
"340511_937_65433","Botola Pro 24/25",,11,0,3,0,,,,75.76,,7.0269230769231
"1095732_937_78750","Botola Pro 25/26",,0,1,0,0,,,,86.36,,6.7857142857143
"1095732_937_65433","Botola Pro 24/25",,5,1,1,0,,,,86.96,,7
"1095732_937_54108","Botola Pro 23/24",,2,1,2,0,,,,84.9,,7.1526315789474
"1210560_1115_80446","CAF Confederations Cup 25/26",,0,0,1,0,,,0,58.333333333333,,6.5
"1210560_937_78750","Botola Pro 25/26",,1,0,0,0,,,,83.64,,6.7428571428571
"1210560_937_65433","Botola Pro 24/25",,2,0,1,0,,,,73.58,,6.8222222222222
"1863859_937_78750","Botola Pro 25/26",,0,0,0,0,,,,,,
"1863859_937_65433","Botola Pro 24/25",,0,1,0,0,,,,78.91,,6.8571428571429
"1863859_13363_57319","USL Championship 2024",,0,0,0,0,,,0,66.666666666667,,5.9
"880101_1115_80446","CAF Confederations Cup 25/26",,0,0,0,0,,,0,66.666666666667,,6.6
"880101_937_65433","Botola Pro 24/25",,7,1,4,0,,,,77.25,,7.244
"880101_937_54108","Botola Pro 23/24",,1,5,0,0,,,,75.28,,7.096
"2142026_937_78750","Botola Pro 25/26",,0,0,0,0,,,,0,,6.6
"2142026_937_65433","Botola Pro 24/25",,0,0,0,0,,,,90,,6.3
"973826_1115_80446","CAF Confederations Cup 25/26",,0,0,1,0,,,0,89.690721649485,,7.55
"973826_937_78750","Botola Pro 25/26",,0,0,2,1,,,,75.76,,6.65
"973826_357_69619","FIFA Club World Cup 2025",,0,0,1,0,,,0,80.487804878049,,6.5333333333333
"1140872_1115_80446","CAF Confederations Cup 25/26",,0,0,0,0,,,0,45.454545454545,,6.9
"1140872_1115_44969","CAF Confederations Cup 22/23",,0,0,1,0,,,1,80.932203389831,,6.9428571428571
"1140872_937_78750","Botola Pro 25/26",,1,4,1,0,,,,75.33,,7.38
"965329_1115_80446","CAF Confederations Cup 25/26",,1,0,1,0,,,0,74.647887323944,,7.45
"965329_937_78750","Botola Pro 25/26",,0,1,1,0,,,,68.49,,6.9
"965329_182_77357","Ligue 2 25/26",,0,0,0,0,,,1,62.857142857143,,6.3333333333333
"809290_1115_80446","CAF Confederations Cup 25/26",,0,0,0,0,,,0,96.20253164557,,7.5
"809290_937_78750","Botola Pro 25/26",,0,0,2,0,,,,88.24,,6.9
"809290_357_69619","FIFA Club World Cup 2025",,0,0,1,0,,,0,85.714285714286,,6.3666666666667
"1009188_1115_80446","CAF Confederations Cup 25/26",,0,0,0,0,,,0,85.365853658537,,7.1
"1009188_937_78750","Botola Pro 25/26",,0,0,4,0,,,,82.82,,7.0142857142857
"1009188_937_54108","Botola Pro 23/24",,1,1,6,3,,,,81.53,,7.0611111111111
"970606_1115_80446","CAF Confederations Cup 25/26",,1,0,0,0,,,0,89.719626168224,,7.65
"970606_937_78750","Botola Pro 25/26",,0,0,1,0,,,,77.64,,6.9571428571429
"970606_937_65433","Botola Pro 24/25",,0,1,5,0,,,,80.37,,6.9368421052632
"1845545_937_65433","Botola Pro 24/25",,0,0,4,0,,,,93.75,,6.3666666666667
"1845545_937_54108","Botola Pro 23/24",,0,0,0,0,,,,0,,6.4
"970630_1115_80446","CAF Confederations Cup 25/26",,0,0,1,0,,,0,74.324324324324,,6.55
"970630_937_78750","Botola Pro 25/26",,0,0,2,0,,,,90.76,,7.2142857142857
"970630_937_65433","Botola Pro 24/25",,0,0,1,0,,,,87.83,,7.0466666666667
"1140796_937_65433","Botola Pro 24/25",,0,0,3,0,,,,86.13,,6.975
"1140796_937_54108","Botola Pro 23/24",,0,0,2,0,,,,84.77,,6.9222222222222
"1140796_1054_53661","CAF Champions League 23/24",,0,0,3,0,,,0,56.521739130435,,6.84
"2021713_937_65433","Botola Pro 24/25",,0,0,0,0,,,,85,,6.8
"919739_937_65433","Botola Pro 24/25",,0,0,0,0,,,,85.51,,6.65
"919739_2120_63548","Saudi 1st Division 24/25",,0,0,2,0,,,,81.85,,6.9769230769231
"919739_955_37597","Saudi Pro League 21/22",,0,0,2,0,,,0,60.591133004926,,6.8666666666667
"971037_17_76986","Premier League 25/26",,1,2,1,0,,,5,86.787564766839,,6.9666666666667
"971037_17_61627","Premier League 24/25",,8,6,5,0,,,29,85.948477751756,,7.4153846153846
"971037_17_52186","Premier League 23/24",,1,1,1,0,,,1,88.023952095808,,6.9444444444444
"986397_17_76986","Premier League 25/26",,2,1,1,0,,,1,64.705882352941,,6.5636363636364
"986397_11_69427","World Cup Qual. UEFA 2026",,0,0,0,0,,,1,70.769230769231,,6.775
"986397_11_35021","World Cup Qual. UEFA 2022",,1,,0,0,,,2,78.43137254902,,6.64
"1004433_1054_80447","CAF Champions League 25/26",,0,0,0,0,,,1,82.352941176471,,6.65
"1004433_1054_64021","CAF Champions League 24/25",,0,0,0,0,,,1,78.378378378378,,6.7666666666667
"1004433_1054_53661","CAF Champions League 23/24",,0,0,0,0,,,1,86,,6.8142857142857
"1474715_1054_80447","CAF Champions League 25/26",,1,0,0,0,,,0,73.333333333333,,7
"1474715_937_78750","Botola Pro 25/26",,0,1,1,0,,,,86.44,,6.74
"1474715_937_65433","Botola Pro 24/25",,0,0,0,0,,,,50,,6.4
"919681_1054_80447","CAF Champions League 25/26",,0,0,1,0,,,0,66.666666666667,,6.4
"919681_1054_44968","CAF Champions League 22/23",,5,1,0,0,,,5,70.629370629371,,7.3428571428571
"919681_937_78750","Botola Pro 25/26",,0,1,0,0,,,,71.88,,6.6875
"1094481_1054_80447","CAF Champions League 25/26",,0,0,0,0,,,0,80,,6.7
"1094481_937_78750","Botola Pro 25/26",,0,2,0,0,,,,86.67,,6.8
"1094481_984_65503","Tunisian Ligue Professionnelle 1 24/25",,2,1,2,0,,,,,,
"919489_1054_80447","CAF Champions League 25/26",,0,0,0,0,,,0,89.830508474576,,6.55
"919489_1054_64021","CAF Champions League 24/25",,1,1,3,0,,,2,88.020833333333,,7.0714285714286
"919489_937_78750","Botola Pro 25/26",,5,1,1,0,,,,90.43,,7.7125
"1476706_1054_80447","CAF Champions League 25/26",,0,0,0,0,,,0,72.727272727273,,6.45
"1476706_1054_64021","CAF Champions League 24/25",,2,1,0,0,,,7,79.584775086505,,7.05
"1476706_937_78750","Botola Pro 25/26",,1,1,1,0,,,,86.84,,7.1
"978955_1054_80447","CAF Champions League 25/26",,0,0,0,0,,,2,64.705882352941,,6.45
"978955_1054_64021","CAF Champions League 24/25",,1,3,0,0,,,1,70.909090909091,,6.85
"978955_937_78750","Botola Pro 25/26",,4,1,0,0,,,,68.75,,7.7833333333333
"919533_1054_80447","CAF Champions League 25/26",,0,0,0,0,,,1,85.714285714286,,6.9
"919533_1054_64021","CAF Champions League 24/25",,1,1,0,0,,,1,69.014084507042,,6.575
"919533_937_78750","Botola Pro 25/26",,0,1,0,0,,,,79.64,,6.8375
"1008872_1054_80447","CAF Champions League 25/26",,0,0,0,0,,,0,86.666666666667,,6.65
"1008872_1054_64021","CAF Champions League 24/25",,1,0,2,0,,,2,78.787878787879,,6.825
"1008872_937_78750","Botola Pro 25/26",,0,0,0,0,,,,0,,7
"1416474_937_65433","Botola Pro 24/25",,3,2,3,1,,,,81.28,,6.8592592592593
"1008631_1054_80447","CAF Champions League 25/26",,0,0,0,0,,,1,80,,6.35
"1008631_1054_64021","CAF Champions League 24/25",,0,0,0,0,,,3,81.889763779528,,6.6666666666667
"1008631_937_78750","Botola Pro 25/26",,0,0,2,0,,,,88.53,,7.075
"1402635_1054_80447","CAF Champions League 25/26",,0,0,0,0,,,0,75,,6.5
"1402635_937_78750","Botola Pro 25/26",,0,1,0,0,,,,80,,6.6
"1402635_937_65433","Botola Pro 24/25",,3,0,4,0,,,,81.82,,6.8592592592593
"1894253_937_78750","Botola Pro 25/26",,1,0,1,0,,,,0,,7.4
"1894253_937_65433","Botola Pro 24/25",,2,1,3,1,,,,74.52,,6.7217391304348
"1894253_1054_64021","CAF Champions League 24/25",,0,1,0,0,,,0,80,,6.5333333333333
"178721_1054_80447","CAF Champions League 25/26",,0,0,0,0,,,0,86.666666666667,,6.7
"178721_937_78750","Botola Pro 25/26",,0,0,0,0,,,,88.24,,6.82
"178721_34_61736","Ligue 1 24/25",,0,0,2,0,,,0,86.826347305389,,6.6066666666667
"1518450_1054_80447","CAF Champions League 25/26",,0,0,1,0,,,0,81.818181818182,,6.9
"1518450_937_78750","Botola Pro 25/26",,0,0,4,0,,,,87.09,,7.3571428571429
"1518450_637_77585","African Nations Championship 2025",,0,0,3,0,,,0,86.885245901639,,7
"919477_1054_80447","CAF Champions League 25/26",,0,0,0,0,,,0,77.777777777778,,7
"919477_1054_64021","CAF Champions League 24/25",,0,0,0,0,,,0,76.639344262295,,6.7375
"919477_937_78750","Botola Pro 25/26",,1,1,1,0,,,,80.35,,7.2625
"923882_1054_80447","CAF Champions League 25/26",,0,0,0,0,,,0,81.159420289855,,6.65
"923882_1054_64021","CAF Champions League 24/25",,1,0,1,0,,,0,83.333333333333,,6.7
"923882_1054_53661","CAF Champions League 23/24",,0,0,0,0,,,0,80.645161290323,,6.7
"1444497_937_78750","Botola Pro 25/26",,0,0,0,0,,,,88.89,,6.9
"1444497_637_77585","African Nations Championship 2025",,0,0,1,0,,,0,78.77358490566,,7.1
"1444497_637_47731","African Nations Championship 2023",,0,0,0,0,,,0,63.392857142857,,6.9666666666667
"1008347_1054_80447","CAF Champions League 25/26",,0,0,0,0,,,0,66.666666666667,,6.8
"1008347_937_78750","Botola Pro 25/26",,0,1,1,0,,,,75.29,,6.94
"1008347_937_65433","Botola Pro 24/25",,4,2,6,1,,,,68.68,,7.1208333333333
"2046059_1054_80447","CAF Champions League 25/26",,0,0,1,0,,,0,84.210526315789,,6.6
"2046059_1054_64021","CAF Champions League 24/25",,0,0,0,0,,,0,79.166666666667,,6.9
"2046059_937_78750","Botola Pro 25/26",,1,0,0,0,,,,88.18,,7.1666666666667
"2127597_937_78750","Botola Pro 25/26",,0,0,1,0,,,,81.72,,6.84
"2127597_937_65433","Botola Pro 24/25",,0,0,0,0,,,,,,
"359280_1054_80447","CAF Champions League 25/26",,0,0,2,0,,,0,51.282051282051,,8.2
"359280_1054_44968","CAF Champions League 22/23",,0,0,1,0,,,0,56.349206349206,,7.28
"359280_1054_38336","CAF Champions League 21/22",,0,0,3,0,,,0,45.454545454545,,6.9454545454545
"1401592_937_65433","Botola Pro 24/25",,0,0,1,0,,,,84.72,,7.0166666666667
"1401592_937_54108","Botola Pro 23/24",,0,0,0,0,,,,84,,7.6
"1401592_1054_64021","CAF Champions League 24/25",,0,0,1,0,,,0,72.222222222222,,7.5
"1168800_937_78750","Botola Pro 25/26",,6,0,1,0,,,,78.46,,7.175
"1168800_9_61412","Challenger Pro League 24/25",,1,0,0,0,,,5,78.095238095238,,6.77
"1168800_9_52384","Challenger Pro League 23/24",,6,0,6,0,,,13,74.223602484472,,6.8863636363636
"1500985_937_65433","Botola Pro 24/25",,1,0,0,0,,,,61.9,,6.95
"1500985_937_54108","Botola Pro 23/24",,0,0,0,0,,,,50,,6.4
"2121452_937_65433","Botola Pro 24/25",,0,0,0,0,,,,0,,6.5
"961690_937_78750","Botola Pro 25/26",,2,0,0,0,,,,76.92,,6.9
"961690_709_64075","Misli Premier League 24/25",,4,2,3,1,,,,79.04,,6.996875
"961690_709_53263","Misli Premier League 23/24",,2,1,0,0,,,,78.95,,6.8928571428571
"544156_937_78750","Botola Pro 25/26",,0,1,1,0,,,,87.63,,6.7375
"544156_37_61666","VriendenLoterij Eredivisie 24/25",,0,1,1,0,,,5,88.261351052049,,6.7230769230769
"544156_37_52554","VriendenLoterij Eredivisie 23/24",,4,2,2,0,,,10,90.355329949239,,6.8541666666667
"944009_937_78750","Botola Pro 25/26",,0,0,1,0,,,,86.96,,6.64
"944009_937_65433","Botola Pro 24/25",,5,6,4,0,,,,74.54,,7.0041666666667
"944009_13_56249","World Cup Qual. CAF  2025",,2,0,1,0,,,,,,
"374560_937_78750","Botola Pro 25/26",,0,0,1,1,,,,91.45,,6.5
"374560_238_63670","Liga Portugal Betclic 24/25",,0,0,3,1,,,2,88.971684053651,,6.5916666666667
"374560_238_52769","Liga Portugal Betclic 23/24",,1,0,7,0,,,10,88.323603002502,,6.7655172413793
"1545316_937_78750","Botola Pro 25/26",,0,0,3,0,,,,84.01,,6.7125
"1545316_937_54108","Botola Pro 23/24",,1,1,3,1,,,,82.54,,6.7724137931034
"1545316_971_64629","UAE Pro League 24/25",,0,0,2,0,,,3,80.072463768116,,6.6947368421053
"1528418_937_78750","Botola Pro 25/26",,0,0,1,0,,,,68.75,,6.65
"1528418_937_65433","Botola Pro 24/25",,1,1,1,0,,,,67.33,,6.6105263157895
"1528418_937_54108","Botola Pro 23/24",,1,0,1,0,,,,70.42,,6.61875
"919329_937_78750","Botola Pro 25/26",,1,1,1,0,,,,82.63,,6.9
"919329_937_65433","Botola Pro 24/25",,1,0,6,0,,,,85.47,,7.0296296296296
"919329_937_54108","Botola Pro 23/24",,0,2,7,0,,,,89.02,,7.3111111111111
"1140935_937_78750","Botola Pro 25/26",,0,0,1,0,,,,88,,6.625
"1140935_937_65433","Botola Pro 24/25",,2,0,5,0,,,,86.81,,6.7166666666667
"1140935_937_54108","Botola Pro 23/24",,2,2,2,0,,,,76.99,,6.75
"1140855_937_78750","Botola Pro 25/26",,0,0,0,0,,,,86.59,,6.6375
"1140855_937_65433","Botola Pro 24/25",,2,2,3,1,,,,81.36,,6.7863636363636
"1140855_937_54108","Botola Pro 23/24",,2,1,3,1,,,,85.06,,6.728
"1461681_937_65433","Botola Pro 24/25",,0,0,1,0,,,,,,
"1461320_937_65433","Botola Pro 24/25",,0,1,0,0,,,,78.57,,6.7
"1613042_1054_53661","CAF Champions League 23/24",,1,0,0,0,,,0,76,,6.55
"1482836_937_78750","Botola Pro 25/26",,0,0,0,0,,,,0,,
"1482836_13_56249","World Cup Qual. CAF  2025",,0,0,0,0,,,,,,
"1482836_334_63542","Football League Trophy 24/25",,0,0,1,0,,,0,72.727272727273,,6.5
"812947_937_78750","Botola Pro 25/26",,0,1,0,0,,,,78.79,,6.66
"812947_915_65237","Persian Gulf Pro League 24/25",,5,,1,0,,,,,,
"812947_915_52957","Persian Gulf Pro League 23/24",,4,,1,0,,,,,,
"1008599_937_78750","Botola Pro 25/26",,0,0,1,0,,,,73.4,,6.4833333333333
"1008599_937_65433","Botola Pro 24/25",,0,0,4,2,,,,76.75,,6.5909090909091
"1008599_937_54108","Botola Pro 23/24",,0,0,2,0,,,,84.25,,6.5833333333333
"826571_937_78750","Botola Pro 25/26",,0,0,0,0,,,,0,,6.7
"826571_937_65433","Botola Pro 24/25",,0,1,2,0,,,,79.05,,6.5764705882353
"826571_937_54108","Botola Pro 23/24",,0,0,1,0,,,,82.67,,6.528
"1004523_937_78750","Botola Pro 25/26",,0,0,1,0,,,,73.24,,6.6
"1004523_937_54108","Botola Pro 23/24",,1,0,5,0,,,,76.83,,6.8333333333333
"1004523_247_61477","Parva Liga 24/25",,1,2,5,0,,,,56.04,,6.6642857142857
"316583_937_78750","Botola Pro 25/26",,0,0,1,0,,,,83.89,,7.1875
"316583_825_63717","Stars League 24/25",,0,0,6,0,,,0,78.327832783278,,6.8285714285714
"316583_1518_65965","Stars Cup 2024",,1,,0,0,,,,,,
"1619134_937_78750","Botola Pro 25/26",,1,0,1,1,,,,81.34,,6.9166666666667
"1619134_937_65433","Botola Pro 24/25",,0,0,2,1,,,,82.26,,7.0368421052632
"1619134_937_54108","Botola Pro 23/24",,0,0,3,0,,,,83.28,,7.25
"1103558_937_78750","Botola Pro 25/26",,0,2,2,0,,,,77.2,,7.0375
"1103558_937_65433","Botola Pro 24/25",,1,1,5,0,,,,72.68,,6.7888888888889
"919474_937_78750","Botola Pro 25/26",,0,0,0,0,,,,91.49,,6.55
"919474_937_65433","Botola Pro 24/25",,1,0,6,0,,,,87.14,,6.8833333333333
"1168800_937_78750","Botola Pro 25/26",,6,0,1,0,,,,78.46,,7.175
"1168800_9_61412","Challenger Pro League 24/25",,1,0,0,0,,,5,78.095238095238,,6.77
"1168800_9_52384","Challenger Pro League 23/24",,6,0,6,0,,,13,74.223602484472,,6.8863636363636
"1500985_937_65433","Botola Pro 24/25",,1,0,0,0,,,,61.9,,6.95
"1500985_937_54108","Botola Pro 23/24",,0,0,0,0,,,,50,,6.4
"2121452_937_65433","Botola Pro 24/25",,0,0,0,0,,,,0,,6.5
"961690_937_78750","Botola Pro 25/26",,2,0,0,0,,,,76.92,,6.9
"961690_709_64075","Misli Premier League 24/25",,4,2,3,1,,,,79.04,,6.996875
"961690_709_53263","Misli Premier League 23/24",,2,1,0,0,,,,78.95,,6.8928571428571
"544156_937_78750","Botola Pro 25/26",,0,1,1,0,,,,87.63,,6.7375
"544156_37_61666","VriendenLoterij Eredivisie 24/25",,0,1,1,0,,,5,88.261351052049,,6.7230769230769
"544156_37_52554","VriendenLoterij Eredivisie 23/24",,4,2,2,0,,,10,90.355329949239,,6.8541666666667
"944009_937_78750","Botola Pro 25/26",,0,0,1,0,,,,86.96,,6.64
"944009_937_65433","Botola Pro 24/25",,5,6,4,0,,,,74.54,,7.0041666666667
"944009_13_56249","World Cup Qual. CAF  2025",,2,0,1,0,,,,,,
"374560_937_78750","Botola Pro 25/26",,0,0,1,1,,,,91.45,,6.5
"374560_238_63670","Liga Portugal Betclic 24/25",,0,0,3,1,,,2,88.971684053651,,6.5916666666667
"374560_238_52769","Liga Portugal Betclic 23/24",,1,0,7,0,,,10,88.323603002502,,6.7655172413793
"1545316_937_78750","Botola Pro 25/26",,0,0,3,0,,,,84.01,,6.7125
"1545316_937_54108","Botola Pro 23/24",,1,1,3,1,,,,82.54,,6.7724137931034
"1545316_971_64629","UAE Pro League 24/25",,0,0,2,0,,,3,80.072463768116,,6.6947368421053
"1528418_937_78750","Botola Pro 25/26",,0,0,1,0,,,,68.75,,6.65
"1528418_937_65433","Botola Pro 24/25",,1,1,1,0,,,,67.33,,6.6105263157895
"1528418_937_54108","Botola Pro 23/24",,1,0,1,0,,,,70.42,,6.61875
"919329_937_78750","Botola Pro 25/26",,1,1,1,0,,,,82.63,,6.9
"919329_937_65433","Botola Pro 24/25",,1,0,6,0,,,,85.47,,7.0296296296296
"919329_937_54108","Botola Pro 23/24",,0,2,7,0,,,,89.02,,7.3111111111111
"1140935_937_78750","Botola Pro 25/26",,0,0,1,0,,,,88,,6.625
"1140935_937_65433","Botola Pro 24/25",,2,0,5,0,,,,86.81,,6.7166666666667
"1140935_937_54108","Botola Pro 23/24",,2,2,2,0,,,,76.99,,6.75
"1140855_937_78750","Botola Pro 25/26",,0,0,0,0,,,,86.59,,6.6375
"1140855_937_65433","Botola Pro 24/25",,2,2,3,1,,,,81.36,,6.7863636363636
"1140855_937_54108","Botola Pro 23/24",,2,1,3,1,,,,85.06,,6.728
"1461681_937_65433","Botola Pro 24/25",,0,0,1,0,,,,,,
"1461320_937_65433","Botola Pro 24/25",,0,1,0,0,,,,78.57,,6.7
"1613042_1054_53661","CAF Champions League 23/24",,1,0,0,0,,,0,76,,6.55
"1482836_937_78750","Botola Pro 25/26",,0,0,0,0,,,,0,,
"1482836_13_56249","World Cup Qual. CAF  2025",,0,0,0,0,,,,,,
"1482836_334_63542","Football League Trophy 24/25",,0,0,1,0,,,0,72.727272727273,,6.5
"812947_937_78750","Botola Pro 25/26",,0,1,0,0,,,,78.79,,6.66
"812947_915_65237","Persian Gulf Pro League 24/25",,5,,1,0,,,,,,
"812947_915_52957","Persian Gulf Pro League 23/24",,4,,1,0,,,,,,
"1008599_937_78750","Botola Pro 25/26",,0,0,1,0,,,,73.4,,6.4833333333333
"1008599_937_65433","Botola Pro 24/25",,0,0,4,2,,,,76.75,,6.5909090909091
"1008599_937_54108","Botola Pro 23/24",,0,0,2,0,,,,84.25,,6.5833333333333
"826571_937_78750","Botola Pro 25/26",,0,0,0,0,,,,0,,6.7
"826571_937_65433","Botola Pro 24/25",,0,1,2,0,,,,79.05,,6.5764705882353
"826571_937_54108","Botola Pro 23/24",,0,0,1,0,,,,82.67,,6.528
"1004523_937_78750","Botola Pro 25/26",,0,0,1,0,,,,73.24,,6.6
"1004523_937_54108","Botola Pro 23/24",,1,0,5,0,,,,76.83,,6.8333333333333
"1004523_247_61477","Parva Liga 24/25",,1,2,5,0,,,,56.04,,6.6642857142857
"316583_937_78750","Botola Pro 25/26",,0,0,1,0,,,,83.89,,7.1875
"316583_825_63717","Stars League 24/25",,0,0,6,0,,,0,78.327832783278,,6.8285714285714
"316583_1518_65965","Stars Cup 2024",,1,,0,0,,,,,,
"1619134_937_78750","Botola Pro 25/26",,1,0,1,1,,,,81.34,,6.9166666666667
"1619134_937_65433","Botola Pro 24/25",,0,0,2,1,,,,82.26,,7.0368421052632
"1619134_937_54108","Botola Pro 23/24",,0,0,3,0,,,,83.28,,7.25
"1103558_937_78750","Botola Pro 25/26",,0,2,2,0,,,,77.2,,7.0375
"1103558_937_65433","Botola Pro 24/25",,1,1,5,0,,,,72.68,,6.7888888888889
"919474_937_78750","Botola Pro 25/26",,0,0,0,0,,,,91.49,,6.55
"919474_937_65433","Botola Pro 24/25",,1,0,6,0,,,,87.14,,6.8833333333333
"919474_937_54108","Botola Pro 23/24",,1,0,6,1,,,,88.59,,6.8588235294118
"1004426_937_78750","Botola Pro 25/26",,0,0,0,0,,,,88.79,,7.2333333333333
"1004426_937_65433","Botola Pro 24/25",,0,0,4,1,,,,83.36,,6.7294117647059
"1011278_937_65433","Botola Pro 24/25",,0,2,3,1,,,,72.4,,6.5434782608696
"1140820_937_78750","Botola Pro 25/26",,0,0,1,0,,,,83.89,,7.275
"1140820_937_65433","Botola Pro 24/25",,0,0,5,0,,,,80.79,,7.2185185185185
"1140820_937_54108","Botola Pro 23/24",,0,0,4,0,,,,85.31,,7.0666666666667
"1845576_937_65433","Botola Pro 24/25",,0,0,0,0,,,,,,
"2150417_937_78750","Botola Pro 25/26",,1,1,2,0,,,,79.63,,6.4875
"2150417_937_65433","Botola Pro 24/25",,0,0,0,0,,,,0,,6.4
"1936634_937_65433","Botola Pro 24/25",,0,0,0,0,,,,,,
"1008621_937_78750","Botola Pro 25/26",,1,0,2,0,,,,72.86,,6.7
"1008621_937_54108","Botola Pro 23/24",,13,0,2,0,,,,68.09,,7.3178571428571
"1008621_23987_68177","Gulf Club Champions League 24/25",,3,,2,0,,,,,,
"1016143_937_78750","Botola Pro 25/26",,0,0,0,0,,,,0,,6.5
"1016143_937_54108","Botola Pro 23/24",,0,0,0,0,,,,100,,6.3333333333333
"1016143_295_53820","World Cup Qual. CONMEBOL 2026",,1,0,0,0,,,1,74.074074074074,,6.76
"1186787_937_78750","Botola Pro 25/26",,1,0,1,0,,,,81.82,,6.675
"1186787_937_65433","Botola Pro 24/25",,2,1,3,0,,,,75.12,,6.8928571428571
"1186787_937_54108","Botola Pro 23/24",,9,0,7,1,,,,63.84,,7.1538461538462
"796155_937_78750","Botola Pro 25/26",,0,0,1,0,,,,80.98,,6.9857142857143
"796155_937_65433","Botola Pro 24/25",,0,3,2,0,,,,81.36,,6.9074074074074
"796155_937_54108","Botola Pro 23/24",,2,4,4,0,,,,82.99,,7.2888888888889
"1102955_937_78750","Botola Pro 25/26",,0,0,0,0,,,,0,,6.8
"1102955_937_65433","Botola Pro 24/25",,1,3,2,0,,,,80.11,,6.655
"1102955_1054_64021","CAF Champions League 24/25",,0,0,0,0,,,1,81.395348837209,,6.9
"544532_937_78750","Botola Pro 25/26",,0,0,1,0,,,,84.03,,6.8285714285714
"544532_131_61667","Eerste Divisie 24/25",,4,20,3,0,,,28,78.285714285714,,7.6131578947368
"544532_131_36893","Eerste Divisie 21/22",,3,2,1,0,,,8,80.258899676375,,7.2333333333333
"1605928_937_78750","Botola Pro 25/26",,0,0,0,0,,,,84.75,,6.5833333333333
"1605928_937_65433","Botola Pro 24/25",,8,1,2,0,,,,74.52,,7.1571428571429
"1605928_937_54108","Botola Pro 23/24",,1,0,2,0,,,,77.87,,7
"797021_937_78750","Botola Pro 25/26",,2,1,0,0,,,,75.26,,7.8
"797021_937_65433","Botola Pro 24/25",,9,3,3,0,,,,69.46,,7.6125
"797021_937_54108","Botola Pro 23/24",,8,3,5,0,,,,74.69,,7.6888888888889
"1213240_937_78750","Botola Pro 25/26",,0,0,2,0,,,,91.54,,6.7285714285714
"1213240_183_64124","National 1 24/25",,0,0,6,0,,,,80.88,,6.7
"970835_937_78750","Botola Pro 25/26",,0,2,3,0,,,,92.47,,7.0285714285714
"970835_937_54108","Botola Pro 23/24",,1,1,5,0,,,,90.85,,6.7821428571429
"970835_955_63998","Saudi Pro League 24/25",,1,1,6,0,,,8,89.44618599791,,6.8481481481481
"330025_937_78750","Botola Pro 25/26",,0,0,0,0,,,,87.5,,6.6333333333333
"330025_984_65503","Tunisian Ligue Professionnelle 1 24/25",,0,1,4,0,,,,,,
"330025_453_6077","U-20 World Championship 2013",,0,,1,0,,,,,,
"1952096_937_78750","Botola Pro 25/26",,1,0,1,0,,,,65.22,,6.8
"1952096_937_65433","Botola Pro 24/25",,4,4,1,0,,,,72.64,,6.925
"1952096_1054_64021","CAF Champions League 24/25",,0,0,0,0,,,1,83.333333333333,,7.0666666666667
"1008280_937_78750","Botola Pro 25/26",,0,0,1,0,,,,87.59,,6.675
"1008280_937_65433","Botola Pro 24/25",,0,0,6,0,,,,84.47,,6.755
"1008280_937_54108","Botola Pro 23/24",,2,0,7,0,,,,81.51,,7.1103448275862
"919484_937_78750","Botola Pro 25/26",,0,0,2,0,,,,85.22,,7.2714285714286
"919484_937_65433","Botola Pro 24/25",,2,2,2,0,,,,85.22,,7.0521739130435
"919484_937_54108","Botola Pro 23/24",,1,2,3,0,,,,85.54,,7.2071428571429
"906597_937_78750","Botola Pro 25/26",,0,0,1,0,,,,92.31,,7.3
"906597_22251_70905","Qatar-UAE Super Cup 2025",,0,1,0,0,,,,,,
"906597_825_63717","Stars League 24/25",,0,2,1,0,,,2,88.907284768212,,6.85
"970819_937_78750","Botola Pro 25/26",,0,0,0,0,,,,83.81,,7.0142857142857
"970819_937_65433","Botola Pro 24/25",,2,2,8,1,,,,82.99,,7.1703703703704
"970819_937_54108","Botola Pro 23/24",,0,2,6,0,,,,82.89,,7.3
"1502265_937_78750","Botola Pro 25/26",,0,0,0,0,,,,,,
"1502265_937_65433","Botola Pro 24/25",,0,0,0,0,,,,,,
"1502265_637_77585","African Nations Championship 2025",,0,0,0,0,,,0,85.294117647059,,6.7
"1168799_637_77585","African Nations Championship 2025",,0,0,2,0,,,0,89.147286821705,,6.525
"1168799_937_65433","Botola Pro 24/25",,0,0,3,0,,,,88.7,,6.7888888888889
"1168799_937_54108","Botola Pro 23/24",,1,0,0,0,,,,90.93,,6.9076923076923
"971021_937_78750","Botola Pro 25/26",,0,0,1,0,,,,92.9,,6.78
"971021_937_54108","Botola Pro 23/24",,0,0,4,0,,,,89.58,,7.2034482758621
"971021_13998_52938","Arab Club Champions Cup 2023",,0,,1,0,,,0,92.694063926941,,6.65
"970766_937_78750","Botola Pro 25/26",,1,0,3,0,,,,88.35,,7.1285714285714
"970766_937_65433","Botola Pro 24/25",,0,0,10,0,,,,90.15,,7.152
"970766_937_54108","Botola Pro 23/24",,2,0,5,1,,,,89.67,,7.076
"919701_937_78750","Botola Pro 25/26",,0,0,1,0,,,,87.5,,6.7
"919701_937_65433","Botola Pro 24/25",,1,0,2,0,,,,76.7,,6.7555555555556
"919701_937_54108","Botola Pro 23/24",,0,1,2,0,,,,79.25,,7.0739130434783
"2022156_937_65433","Botola Pro 24/25",,0,0,0,0,,,,0,,6.1
"1140885_937_78750","Botola Pro 25/26",,0,0,1,0,,,,94.42,,7.5285714285714
"1140885_937_65433","Botola Pro 24/25",,0,0,2,0,,,,90.75,,7.325
"1140885_937_54108","Botola Pro 23/24",,0,0,2,0,,,,84.92,,7.5857142857143
"1009912_937_65433","Botola Pro 24/25",,0,0,2,0,,,,84.19,,6.95
"1009912_937_54108","Botola Pro 23/24",,0,0,3,0,,,,76.25,,7.2275862068966
"1919278_937_78750","Botola Pro 25/26",,0,0,0,0,,,,73.33,,6.55
"1919278_937_65433","Botola Pro 24/25",,2,1,8,0,,,,67.58,,6.7
"1404064_937_78750","Botola Pro 25/26",,1,1,1,0,,,,58.54,,6.375
"1404064_937_54108","Botola Pro 23/24",,0,0,0,0,,,,66.67,,6.4
"1404064_13998_52938","Arab Club Champions Cup 2023",,0,,0,0,,,0,100,,6.5
"2033440_937_65433","Botola Pro 24/25",,1,0,1,0,,,,64.86,,6.6375
"1525540_937_78750","Botola Pro 25/26",,2,0,0,0,,,,72.22,,6.8714285714286
"1525540_808_55005","Egyptian Premier League 23/24",,2,2,0,0,,,4,71.428571428571,,6.9181818181818
"1140850_937_78750","Botola Pro 25/26",,0,1,0,0,,,,83.33,,6.7333333333333
"1140850_937_65433","Botola Pro 24/25",,9,3,3,0,,,,78.46,,6.9814814814815
"1140850_937_54108","Botola Pro 23/24",,2,1,3,0,,,,74.48,,6.6882352941176
"939864_937_78750","Botola Pro 25/26",,0,0,0,0,,,,72.73,,6.6
"939864_937_65433","Botola Pro 24/25",,1,1,4,1,,,,89.96,,6.54
"939864_937_54108","Botola Pro 23/24",,1,0,4,0,,,,83.87,,6.8862068965517
"919761_937_78750","Botola Pro 25/26",,1,0,4,0,,,,81.99,,7.1428571428571
"919761_937_65433","Botola Pro 24/25",,0,0,8,0,,,,83.24,,6.8045454545455
"919761_937_54108","Botola Pro 23/24",,3,1,3,0,,,,88.72,,7.2230769230769
"1461306_937_78750","Botola Pro 25/26",,0,0,0,0,,,,72.46,,6.44
"1461306_937_65433","Botola Pro 24/25",,2,3,4,0,,,,74.7,,6.9103448275862
"1461306_937_54108","Botola Pro 23/24",,1,2,4,0,,,,78.35,,6.75
"884821_937_78750","Botola Pro 25/26",,0,0,0,0,,,,77.86,,7.0714285714286
"884821_937_65433","Botola Pro 24/25",,2,2,3,0,,,,75.98,,6.9045454545455
"884821_937_54108","Botola Pro 23/24",,2,1,2,0,,,,79.1,,6.9347826086957
"1919308_937_65433","Botola Pro 24/25",,0,0,0,0,,,,78.38,,6.48
"1919284_937_78750","Botola Pro 25/26",,1,0,2,0,,,,81.27,,6.625
"1919284_937_65433","Botola Pro 24/25",,1,0,6,1,,,,84.92,,6.7
"1632047_937_78750","Botola Pro 25/26",,0,0,0,0,,,,68,,6.8333333333333
"1632047_937_65433","Botola Pro 24/25",,1,1,1,0,,,,74.69,,6.6
"1632047_937_54108","Botola Pro 23/24",,4,1,2,0,,,,73.05,,6.6592592592593
"919951_937_78750","Botola Pro 25/26",,0,0,1,0,,,,79.17,,6.7571428571429
"1020148_937_78750","Botola Pro 25/26",,1,0,0,0,,,,93.75,,6.7666666666667
"1020148_937_65433","Botola Pro 24/25",,0,0,7,0,,,,83.83,,6.66
"1020148_937_54108","Botola Pro 23/24",,1,1,4,0,,,,76.98,,6.7789473684211
"1919295_937_78750","Botola Pro 25/26",,0,0,0,0,,,,80,,6.7
"1103646_937_78750","Botola Pro 25/26",,0,0,0,0,,,,0,,6.3
"919690_937_65433","Botola Pro 24/25",,0,1,1,0,,,,83.89,,6.8727272727273
"919690_937_54108","Botola Pro 23/24",,1,4,4,0,,,,83.33,,7.1047619047619
"359282_937_65433","Botola Pro 24/25",,0,0,1,0,,,,68.75,,6.5272727272727
"359282_937_54108","Botola Pro 23/24",,0,0,4,0,,,,71.21,,6.75
"1009758_937_78750","Botola Pro 25/26",,0,0,2,1,,,,85.98,,6.6857142857143
"1009758_937_65433","Botola Pro 24/25",,0,0,2,0,,,,85.32,,6.976
"1009758_937_54108","Botola Pro 23/24",,3,0,3,0,,,,83.31,,6.94
"1433799_937_78750","Botola Pro 25/26",,0,0,0,0,,,,75.85,,6.725
"1433799_937_65433","Botola Pro 24/25",,0,1,5,1,,,,78.72,,6.7388888888889
"1433799_937_54108","Botola Pro 23/24",,0,0,1,0,,,,76.09,,6.5
"1919278_937_78750","Botola Pro 25/26",,0,0,0,0,,,,73.33,,6.55
"1919278_937_65433","Botola Pro 24/25",,2,1,8,0,,,,67.58,,6.7
"1404064_937_78750","Botola Pro 25/26",,1,1,1,0,,,,58.54,,6.375
"1404064_937_54108","Botola Pro 23/24",,0,0,0,0,,,,66.67,,6.4
"1404064_13998_52938","Arab Club Champions Cup 2023",,0,,0,0,,,0,100,,6.5
"2033440_937_65433","Botola Pro 24/25",,1,0,1,0,,,,64.86,,6.6375
"1525540_937_78750","Botola Pro 25/26",,2,0,0,0,,,,72.22,,6.8714285714286
"1525540_808_55005","Egyptian Premier League 23/24",,2,2,0,0,,,4,71.428571428571,,6.9181818181818
"1140850_937_78750","Botola Pro 25/26",,0,1,0,0,,,,83.33,,6.7333333333333
"1140850_937_65433","Botola Pro 24/25",,9,3,3,0,,,,78.46,,6.9814814814815
"1140850_937_54108","Botola Pro 23/24",,2,1,3,0,,,,74.48,,6.6882352941176
"939864_937_78750","Botola Pro 25/26",,0,0,0,0,,,,72.73,,6.6
"939864_937_65433","Botola Pro 24/25",,1,1,4,1,,,,89.96,,6.54
"939864_937_54108","Botola Pro 23/24",,1,0,4,0,,,,83.87,,6.8862068965517
"919761_937_78750","Botola Pro 25/26",,1,0,4,0,,,,81.99,,7.1428571428571
"919761_937_65433","Botola Pro 24/25",,0,0,8,0,,,,83.24,,6.8045454545455
"919761_937_54108","Botola Pro 23/24",,3,1,3,0,,,,88.72,,7.2230769230769
"919469_937_78750","Botola Pro 25/26",,0,0,1,0,,,,85.61,,7.2857142857143
"919469_937_54108","Botola Pro 23/24",,0,0,5,0,,,,83.98,,7.0346153846154
"2029640_937_65433","Botola Pro 24/25",,0,0,0,0,,,,50,,6.35
"2045636_937_65433","Botola Pro 24/25",,0,0,2,0,,,,72.34,,6.4
"2146480_937_65433","Botola Pro 24/25",,0,0,0,0,,,,0,,6.55
"2045584_937_65433","Botola Pro 24/25",,0,0,1,0,,,,,,
"2203635_1054_80447","CAF Champions League 25/26",,1,0,0,0,,,2,88.888888888889,,7.1
"2203635_937_78750","Botola Pro 25/26",,0,0,0,0,,,,73.91,,6.625
"2203635_1250_84413","CAF Super Cup 2025",,0,0,0,0,,,0,25,,6.7
"1102957_1054_80447","CAF Champions League 25/26",,1,0,0,0,,,0,77.777777777778,,6.85
"1102957_1054_34871","CAF Champions League 20/21",,0,1,0,0,,,2,91.666666666667,,6.7333333333333
"1102957_937_78750","Botola Pro 25/26",,0,1,0,0,,,,81.25,,6.9
"1155596_1054_80447","CAF Champions League 25/26",,0,0,0,0,,,2,81.904761904762,,7.15
"1155596_937_78750","Botola Pro 25/26",,0,1,0,1,,,,84.13,,6.56
"1155596_937_65433","Botola Pro 24/25",,1,1,5,0,,,,82.36,,6.9416666666667
"1182584_1054_80447","CAF Champions League 25/26",,0,0,0,0,,,0,81.818181818182,,6.2
"1182584_937_78750","Botola Pro 25/26",,4,1,1,0,,,,79.63,,7.35
"1182584_937_65433","Botola Pro 24/25",,5,1,3,0,,,,78.65,,6.948275862069
"845274_1054_80447","CAF Champions League 25/26",,2,0,0,0,,,2,85.526315789474,,7.85
"845274_937_78750","Botola Pro 25/26",,3,2,0,0,,,,80.5,,7.3666666666667
"845274_247_76882","Parva Liga 25/26",,0,1,0,0,,,,81.45,,7.04
"1170317_1054_80447","CAF Champions League 25/26",,0,0,0,0,,,0,85.714285714286,,6.8
"1170317_937_78750","Botola Pro 25/26",,0,0,0,0,,,,77.5,,6.8
"1170317_937_65433","Botola Pro 24/25",,2,5,1,0,,,,77.05,,7.096
"978956_1054_80447","CAF Champions League 25/26",,0,0,0,0,,,1,82.051282051282,,6.4
"978956_937_78750","Botola Pro 25/26",,0,0,0,0,,,,91.83,,6.7666666666667
"978956_937_65433","Botola Pro 24/25",,7,2,4,0,,,,85.56,,7.0222222222222
"366156_1054_80447","CAF Champions League 25/26",,0,0,0,0,,,0,76.666666666667,,6.9
"366156_937_78750","Botola Pro 25/26",,0,2,0,0,,,,88.78,,7.125
"366156_1250_84413","CAF Super Cup 2025",,0,0,0,0,,,0,64.285714285714,,5.8
"1114480_1054_80447","CAF Champions League 25/26",,0,0,0,0,,,1,100,,6.5
"1114480_937_78750","Botola Pro 25/26",,0,0,0,0,,,,0,,
"1114480_937_65433","Botola Pro 24/25",,1,0,4,0,,,,80.54,,6.8307692307692
"297510_1054_80447","CAF Champions League 25/26",,0,0,0,0,,,0,94.68085106383,,7.15
"297510_937_78750","Botola Pro 25/26",,0,0,1,0,,,,87.57,,6.7666666666667
"297510_1250_84413","CAF Super Cup 2025",,0,0,0,0,,,0,80,,6.7
"919532_1115_64054","CAF Confederations Cup 24/25",,0,1,3,0,,,2,82.075471698113,,7.2363636363636
"919532_1115_53523","CAF Confederations Cup 23/24",,0,1,1,0,,,2,83.959899749373,,7.06
"919532_937_65433","Botola Pro 24/25",,5,1,3,0,,,,82.63,,7.3633333333333
"1166995_1115_64054","CAF Confederations Cup 24/25",,1,0,1,0,,,0,84.259259259259,,7.05
"1166995_937_65433","Botola Pro 24/25",,0,0,2,0,,,,87.17,,6.9578947368421
"1166995_1054_53661","CAF Champions League 23/24",,0,0,0,0,,,2,67.676767676768,,6.4666666666667
"919671_1054_80447","CAF Champions League 25/26",,0,0,0,0,,,0,64.285714285714,,6.6
"919671_937_78750","Botola Pro 25/26",,1,1,1,0,,,,79.41,,7.02
"919671_937_65433","Botola Pro 24/25",,2,4,1,0,,,,80.26,,6.9227272727273
"1823726_1115_64054","CAF Confederations Cup 24/25",,0,0,0,0,,,1,73.684210526316,,7
"1823726_937_65433","Botola Pro 24/25",,0,0,0,0,,,0,76.315789473684,,6.8
"1401535_1054_80447","CAF Champions League 25/26",,0,0,0,0,,,4,77.5,,6.7
"1401535_937_78750","Botola Pro 25/26",,1,0,2,0,,,,78.16,,6.66
"1401535_937_65433","Botola Pro 24/25",,6,2,5,0,,,,66.74,,7.0814814814815
"934196_1054_80447","CAF Champions League 25/26",,0,0,0,0,,,0,100,,6.8
"934196_937_78750","Botola Pro 25/26",,0,0,0,0,,,,91.07,,6.76
"934196_1250_84413","CAF Super Cup 2025",,0,0,0,0,,,0,70,,6.3
"867180_17034_76482","Arab Cup 2025",,0,0,1,0,,,1,87.142857142857,,7.1
"867180_1054_80447","CAF Champions League 25/26",,0,0,0,0,,,0,84.684684684685,,7
"867180_937_78750","Botola Pro 25/26",,0,0,0,0,,,,88.6,,6.96
"1140803_1054_80447","CAF Champions League 25/26",,0,0,1,0,,,0,89.308176100629,,7.5
"1140803_937_78750","Botola Pro 25/26",,0,0,1,0,,,,84.67,,6.9
"1140803_937_65433","Botola Pro 24/25",,0,2,1,0,,,,89.62,,7.04
"1095727_1054_80447","CAF Champions League 25/26",,0,1,0,0,,,1,85.964912280702,,7.05
"1095727_937_78750","Botola Pro 25/26",,0,0,1,0,,,,79.05,,6.6
"1095727_937_65433","Botola Pro 24/25",,0,0,3,0,,,,79.25,,6.9833333333333
"782542_17034_76482","Arab Cup 2025",,0,1,0,0,,,0,78.947368421053,,7
"782542_1054_80447","CAF Champions League 25/26",,0,0,1,0,,,1,89.156626506024,,6.8
"782542_937_78750","Botola Pro 25/26",,0,1,1,0,,,,82.04,,7.1333333333333
"1014377_1054_80447","CAF Champions League 25/26",,0,0,0,0,,,0,33.333333333333,,6.7
"1014377_1054_64021","CAF Champions League 24/25",,0,0,0,0,,,0,71.276595744681,,6.4
"1014377_937_78750","Botola Pro 25/26",,0,0,0,0,,,,81.18,,7.0333333333333
"1525293_937_78750","Botola Pro 25/26",,0,0,0,0,,,,0,,
"1525293_937_65433","Botola Pro 24/25",,0,0,0,0,,,,88.3,,6.75
"1525293_937_54108","Botola Pro 23/24",,0,0,1,0,,,,91.1,,6.6875
"970592_937_78750","Botola Pro 25/26",,0,0,0,0,,,,84.78,,6.45
"970592_937_65433","Botola Pro 24/25",,0,0,0,0,,,,84.32,,6.7285714285714
"141967_1054_80447","CAF Champions League 25/26",,0,0,0,0,,,0,82.8125,,6.95
"141967_937_78750","Botola Pro 25/26",,0,0,0,0,,,,88.37,,6.5333333333333
"141967_937_65433","Botola Pro 24/25",,0,0,3,0,,,,87.14,,7.062962962963
"970755_937_78750","Botola Pro 25/26",,0,0,0,0,,,,87.27,,6.7333333333333
"970755_937_65433","Botola Pro 24/25",,0,0,1,0,,,,97.65,,6.9666666666667
"970755_937_54108","Botola Pro 23/24",,0,0,0,0,,,,90.16,,7.5666666666667
"2265493_937_78750","Botola Pro 25/26",,1,1,0,0,,,,59.09,,7.0333333333333
"1525321_937_78750","Botola Pro 25/26",,0,0,1,0,,,,70.59,,6.3666666666667
"1525321_937_65433","Botola Pro 24/25",,1,0,0,0,,,,,,
"1525321_937_54108","Botola Pro 23/24",,0,0,0,0,,,,79.63,,6.6285714285714
"1140863_937_78750","Botola Pro 25/26",,0,1,2,0,,,,62.5,,6.84
"1140863_937_65433","Botola Pro 24/25",,0,0,0,0,,,,,,
"1140863_937_54108","Botola Pro 23/24",,1,0,1,0,,,,67.44,,6.9
"2161834_937_78750","Botola Pro 25/26",,0,0,0,0,,,,79.59,,6.5
"2161834_937_65433","Botola Pro 24/25",,0,0,0,0,,,,,,
"1923105_937_78750","Botola Pro 25/26",,0,0,0,0,,,,,,
"1923105_937_65433","Botola Pro 24/25",,0,0,0,0,,,,,,
"2161830_937_78750","Botola Pro 25/26",,2,0,1,0,,,,87.88,,6.8
"2161830_937_65433","Botola Pro 24/25",,1,0,0,0,,,,,,
"2161837_937_78750","Botola Pro 25/26",,0,0,0,0,,,,42.86,,6.3
"2161838_937_78750","Botola Pro 25/26",,0,0,0,0,,,,0,,6.5
"2161833_937_78750","Botola Pro 25/26",,3,2,1,0,,,,74.27,,7.8125
"2161833_937_65433","Botola Pro 24/25",,0,0,1,0,,,,,,
"1103074_937_54108","Botola Pro 23/24",,1,0,2,0,,,,89.13,,6.5
"1387222_937_78750","Botola Pro 25/26",,0,0,0,0,,,,69.77,,6.6142857142857
"1387222_937_65433","Botola Pro 24/25",,0,0,1,0,,,,,,
"1525311_937_78750","Botola Pro 25/26",,0,0,1,0,,,,88.52,,6.65
"1525311_937_65433","Botola Pro 24/25",,0,2,0,0,,,,75.82,,6.775
"1525311_937_54108","Botola Pro 23/24",,7,4,2,0,,,,75.04,,7.1461538461538
"2161839_937_78750","Botola Pro 25/26",,0,0,1,0,,,,60.47,,6.5666666666667
"2161839_937_65433","Botola Pro 24/25",,1,0,1,0,,,,,,
"2161841_937_78750","Botola Pro 25/26",,0,0,1,0,,,,79.49,,6.8666666666667
"2161841_937_65433","Botola Pro 24/25",,0,0,0,0,,,,,,
"2161827_937_78750","Botola Pro 25/26",,0,0,1,0,,,,0,,6.6
"2161840_937_78750","Botola Pro 25/26",,0,0,0,0,,,,74.79,,6.625
"2161840_937_65433","Botola Pro 24/25",,0,0,1,0,,,,,,
"2161842_937_78750","Botola Pro 25/26",,0,0,0,0,,,,0,,6.4
"2161847_937_78750","Botola Pro 25/26",,0,1,1,1,,,,66.37,,6.1571428571429
"2161847_937_65433","Botola Pro 24/25",,0,1,0,0,,,,,,
"2161829_937_78750","Botola Pro 25/26",,0,0,0,0,,,,70.67,,6.625
"2161829_937_65433","Botola Pro 24/25",,0,0,1,0,,,,,,
"2265485_937_78750","Botola Pro 25/26",,0,0,1,0,,,,83.33,,6.3
"2265476_937_78750","Botola Pro 25/26",,0,0,0,0,,,,,,
"1525302_937_78750","Botola Pro 25/26",,1,0,2,0,,,,74.15,,6.9
"1525302_937_65433","Botola Pro 24/25",,0,0,1,0,,,,71.79,,6.9
"1525302_937_54108","Botola Pro 23/24",,0,0,1,1,,,,71.72,,6.58
"1464128_937_78750","Botola Pro 25/26",,0,0,2,0,,,,80.91,,6.85
"1464128_937_65433","Botola Pro 24/25",,0,1,0,0,,,,,,
"1464128_1115_44969","CAF Confederations Cup 22/23",,0,0,0,0,,,1,83.673469387755,,6.48
"2161828_937_78750","Botola Pro 25/26",,0,0,0,0,,,,81.99,,7.02
"2161828_937_65433","Botola Pro 24/25",,0,0,0,0,,,,,,
"1014438_937_78750","Botola Pro 25/26",,0,0,0,0,,,,,,
"1004432_937_78750","Botola Pro 25/26",,0,0,1,0,,,,66.07,,6
"1004432_937_65433","Botola Pro 24/25",,0,0,0,0,,,,,,
"2161824_937_65433","Botola Pro 24/25",,0,0,0,0,,,,,,
"2265465_937_78750","Botola Pro 25/26",,0,0,0,0,,,,81.19,,6.5666666666667
"1140956_937_78750","Botola Pro 25/26",,0,0,0,0,,,,86.36,,6.5
"1140956_937_65433","Botola Pro 24/25",,0,0,1,0,,,,,,
"2161843_937_78750","Botola Pro 25/26",,0,0,1,0,,,,79.58,,7.0125
"2161843_937_65433","Botola Pro 24/25",,0,0,1,0,,,,,,
"1874639_937_78750","Botola Pro 25/26",,2,2,0,0,,,,61.62,,7.2
"1874639_937_54108","Botola Pro 23/24",,1,0,0,0,,,,0,,7.4
"1029681_937_78750","Botola Pro 25/26",,1,0,1,0,,,,62.07,,6.7333333333333
"1404139_937_78750","Botola Pro 25/26",,0,0,1,0,,,,73.68,,6.44
"1404139_937_65433","Botola Pro 24/25",,2,1,1,0,,,,80,,6.84
"1404139_937_54108","Botola Pro 23/24",,3,1,3,0,,,,71.9,,6.8642857142857
"1140816_937_78750","Botola Pro 25/26",,0,0,0,0,,,,74.42,,6.64
"1140816_937_65433","Botola Pro 24/25",,1,0,2,0,,,,56.98,,6.6818181818182
"1140816_937_54108","Botola Pro 23/24",,1,0,0,0,,,,60,,6.96
"2296501_937_78750","Botola Pro 25/26",,0,0,0,0,,,,0,,6.5
"2125677_937_78750","Botola Pro 25/26",,0,0,0,0,,,,76.83,,6.62
"1140961_937_78750","Botola Pro 25/26",,1,1,2,0,,,,67.49,,6.825
"1140961_937_65433","Botola Pro 24/25",,7,3,4,0,,,,72.61,,7.0555555555556
"1140961_637_77585","African Nations Championship 2025",,0,1,1,0,,,0,69.791666666667,,6.66
"912144_937_78750","Botola Pro 25/26",,1,0,0,0,,,,82.55,,6.8375
"912144_637_77585","African Nations Championship 2025",,0,0,0,0,,,2,81.481481481481,,6.9
"912144_1848_41862","Africa Cup of Nations Qual. 2023",,0,,0,0,,,0,88,,6.5
"1525299_937_78750","Botola Pro 25/26",,0,0,0,0,,,,77.37,,6.86
"1525299_937_65433","Botola Pro 24/25",,2,0,3,0,,,,77.71,,6.8391304347826
"1525299_937_54108","Botola Pro 23/24",,1,0,5,1,,,,78.07,,6.8307692307692
"1920160_937_65433","Botola Pro 24/25",,0,0,1,0,,,,,,
"1177366_937_78750","Botola Pro 25/26",,0,0,1,1,,,,79.59,,6.62
"1177366_1054_38336","CAF Champions League 21/22",,0,0,0,0,,,0,100,,0
"1140899_937_78750","Botola Pro 25/26",,0,0,2,0,,,,79.04,,6.6875
"1140899_937_65433","Botola Pro 24/25",,0,1,4,1,,,,84.76,,6.6107142857143
"1140899_937_54108","Botola Pro 23/24",,0,0,1,0,,,,86.76,,6.6
"2161836_937_78750","Botola Pro 25/26",,0,0,0,0,,,,73.58,,6.7
"2161836_937_65433","Botola Pro 24/25",,0,0,1,0,,,,,,
"2127598_937_78750","Botola Pro 25/26",,0,0,0,0,,,,78.95,,6.45
"2127598_937_65433","Botola Pro 24/25",,0,0,0,0,,,,,,
"919555_937_78750","Botola Pro 25/26",,0,0,1,0,,,,83.19,,6.925
"919555_937_65433","Botola Pro 24/25",,1,0,7,0,,,,90.17,,6.9296296296296
"919555_709_53263","Misli Premier League 23/24",,0,1,4,0,,,,90.81,,7.0307692307692
"2002209_937_78750","Botola Pro 25/26",,1,0,0,0,,,,81.18,,7.1333333333333
"2002209_1054_64021","CAF Champions League 24/25",,0,0,0,0,,,0,74,,6.5166666666667
"1140962_937_78750","Botola Pro 25/26",,0,0,2,0,,,,84.71,,6.76
"1004256_937_78750","Botola Pro 25/26",,0,0,2,0,,,,71.56,,6.8166666666667
"919738_937_78750","Botola Pro 25/26",,0,0,0,0,,,,,,
"919738_16641_56055","Premier League 23/24",,1,1,0,0,,,,,,
"919738_16641_46756","Premier League 22/23",,2,,2,0,,,,,,
"1004256_937_78750","Botola Pro 25/26",,0,0,2,0,,,,71.56,,6.8166666666667
"1004256_937_65433","Botola Pro 24/25",,0,2,9,2,,,,71.81,,6.72
"1004427_937_65433","Botola Pro 24/25",,0,2,6,0,,,,80.71,,6.8708333333333
"1004427_937_54108","Botola Pro 23/24",,1,0,6,0,,,,84.01,,7.2884615384615
"1919273_937_78750","Botola Pro 25/26",,0,0,3,0,,,,84.44,,6.7875
"1919273_937_65433","Botola Pro 24/25",,4,0,4,0,,,,86.32,,6.7294117647059
"1919290_937_78750","Botola Pro 25/26",,0,0,0,0,,,,73.44,,6.7142857142857
"1919290_937_65433","Botola Pro 24/25",,0,0,4,0,,,,75.06,,6.4736842105263
"1919297_937_78750","Botola Pro 25/26",,0,0,0,0,,,,0,,6.7
"1919297_937_65433","Botola Pro 24/25",,0,0,1,0,,,,77.94,,6.55
"1919330_937_78750","Botola Pro 25/26",,0,0,0,0,,,,,,
"1919330_937_65433","Botola Pro 24/25",,0,0,0,0,,,,82,,6.6
"1919330_720_78745","Abissnet Superiore 25/26",,0,0,0,0,,,,0,,6.5
"2268400_937_78750","Botola Pro 25/26",,0,0,1,0,,,,58.44,,5.9
"794543_937_78750","Botola Pro 25/26",,0,0,0,0,,,,79.01,,7.175
"794543_13_56249","World Cup Qual. CAF  2025",,0,0,0,0,,,,,,
"794543_1848_58857","Africa Cup of Nations Qual. 2024",,0,0,0,0,,,0,64.383561643836,,7.375
"970634_937_65433","Botola Pro 24/25",,0,0,3,0,,,,86.94,,6.6625
"1920270_937_65433","Botola Pro 24/25",,0,0,0,0,,,,66.67,,6.4
"2140735_937_65433","Botola Pro 24/25",,0,0,0,0,,,,0,,6.5
"1916066_937_78750","Botola Pro 25/26",,1,0,1,0,,,,67.61,,6.825
"1916066_2063_74632","U20 Africa Cup of Nations 2025",,0,0,0,0,,,,0,,6.9
"1004247_937_78750","Botola Pro 25/26",,0,1,3,0,,,,80.18,,6.7
"1004247_937_65433","Botola Pro 24/25",,5,1,6,0,,,,77.32,,7.1222222222222
"1004247_937_54108","Botola Pro 23/24",,3,2,6,0,,,,83.45,,6.7884615384615
"1897485_937_78750","Botola Pro 25/26",,0,0,0,0,,,,68.97,,6.6571428571429
"1897485_937_65433","Botola Pro 24/25",,0,1,0,0,,,,80,,6.6142857142857
"1014439_937_78750","Botola Pro 25/26",,0,0,0,0,,,,,,
"1014439_937_65433","Botola Pro 24/25",,1,0,0,0,,,,,,
"2265920_937_78750","Botola Pro 25/26",,0,0,0,0,,,,0,,6.7
"788969_937_78750","Botola Pro 25/26",,1,1,0,0,,,,77.64,,6.8
"788969_937_65433","Botola Pro 24/25",,5,4,2,0,,,,78.05,,7.1833333333333
"788969_937_54108","Botola Pro 23/24",,0,0,0,0,,,,80.26,,6.8
"285941_937_78750","Botola Pro 25/26",,0,0,1,0,,,,70,,6.7285714285714
"285941_937_65433","Botola Pro 24/25",,1,0,2,0,,,,79.09,,6.6272727272727
"285941_37_52554","VriendenLoterij Eredivisie 23/24",,0,0,0,0,,,5,79.279279279279,,6.7352941176471
"981300_937_78750","Botola Pro 25/26",,0,0,2,1,,,,88.64,,6.5714285714286
"981300_937_65433","Botola Pro 24/25",,0,0,5,0,,,,92.65,,6.7333333333333
"981300_937_54108","Botola Pro 23/24",,0,0,5,1,,,,87.24,,6.616
"1004260_937_78750","Botola Pro 25/26",,0,0,0,0,,,,76.12,,6.85
"1004260_937_65433","Botola Pro 24/25",,0,0,5,0,,,,76.7,,6.75
"1004260_937_54108","Botola Pro 23/24",,0,1,5,0,,,,75.93,,6.7923076923077
"1185396_937_78750","Botola Pro 25/26",,0,0,0,0,,,,93.55,,6.85
"1185396_937_65433","Botola Pro 24/25",,0,0,3,0,,,,83.96,,6.7333333333333
"1185396_937_54108","Botola Pro 23/24",,0,0,2,1,,,,84.65,,6.6842105263158
"930851_937_78750","Botola Pro 25/26",,0,0,0,1,,,,76.19,,6.46
"930851_937_65433","Botola Pro 24/25",,0,0,0,0,,,,90.48,,6.35
"930851_216_37160","Challenge League 21/22",,0,,0,0,,,,,,
"919527_937_78750","Botola Pro 25/26",,0,0,0,0,,,,0,,6.6
"919527_937_54108","Botola Pro 23/24",,1,0,3,0,,,,80.13,,6.9555555555556
"1004540_937_78750","Botola Pro 25/26",,0,0,3,0,,,,80.48,,6.6625
"1004540_937_65433","Botola Pro 24/25",,3,3,4,1,,,,82.26,,6.9
"1004540_937_54108","Botola Pro 23/24",,0,0,2,0,,,,85.02,,6.9294117647059
"1004547_937_78750","Botola Pro 25/26",,2,0,3,0,,,,69.35,,6.9875
"1004547_937_65433","Botola Pro 24/25",,4,1,2,0,,,,77.39,,6.8833333333333
"1004547_937_54108","Botola Pro 23/24",,0,0,2,0,,,,83.04,,6.5545454545455
"782500_937_78750","Botola Pro 25/26",,0,1,2,1,,,,77.9,,6.7625
"782500_937_65433","Botola Pro 24/25",,0,3,4,0,,,,70.8,,6.7
"782500_937_54108","Botola Pro 23/24",,0,0,2,0,,,,73.49,,6.79
"2050924_937_78750","Botola Pro 25/26",,0,0,0,0,,,,0,,6.5
"2050924_937_65433","Botola Pro 24/25",,0,0,0,0,,,,0,,6.4
"2053850_937_65433","Botola Pro 24/25",,0,0,0,0,,,,0,,6.4
"2007231_937_78750","Botola Pro 25/26",,0,0,0,0,,,,0,,
"2007231_937_65433","Botola Pro 24/25",,0,0,0,0,,,,0,,6.5
"359288_937_78750","Botola Pro 25/26",,2,0,0,0,,,,82.8,,7.35
"359288_937_65433","Botola Pro 24/25",,1,1,4,0,,,,76.22,,7.0363636363636
"359288_937_54108","Botola Pro 23/24",,3,0,7,0,,,,81.76,,7.0304347826087
"882322_937_78750","Botola Pro 25/26",,0,1,0,0,,,,80.99,,7.2
"882322_937_65433","Botola Pro 24/25",,0,0,0,0,,,,84.72,,6.4666666666667
"882322_937_54108","Botola Pro 23/24",,3,1,4,1,,,,81.08,,7.1583333333333
"1140920_937_78750","Botola Pro 25/26",,1,0,1,1,,,,81.43,,6.8666666666667
"1140920_937_65433","Botola Pro 24/25",,1,0,3,0,,,,86.34,,7.1090909090909
"1140920_937_54108","Botola Pro 23/24",,0,1,4,0,,,,82.99,,7.0416666666667
"1140846_937_78750","Botola Pro 25/26",,0,0,0,0,,,,68.75,,6.65
"1140846_937_65433","Botola Pro 24/25",,0,0,4,1,,,,82.92,,6.7736842105263
"1140846_937_54108","Botola Pro 23/24",,0,0,0,0,,,,84.12,,6.9375
"1919291_937_78750","Botola Pro 25/26",,0,0,0,0,,,,0,,
"1919291_937_65433","Botola Pro 24/25",,0,0,1,0,,,,69.23,,6.6
"1875400_937_65433","Botola Pro 24/25",,0,0,0,0,,,,0,,6.7
"966618_13_56249","World Cup Qual. CAF  2025",,0,0,0,0,,,,,,
"966618_1848_58857","Africa Cup of Nations Qual. 2024",,0,0,0,0,,,0,82.608695652174,,7.3666666666667
"966618_1848_41862","Africa Cup of Nations Qual. 2023",,0,,0,0,,,0,60.78431372549,,6.2
"1107604_937_78750","Botola Pro 25/26",,0,0,0,2,,,,75.34,,6.6333333333333
"1107604_937_65433","Botola Pro 24/25",,0,0,2,0,,,,79.84,,6.5833333333333
"1107604_937_54108","Botola Pro 23/24",,0,0,1,0,,,,82.46,,7
"1095734_937_78750","Botola Pro 25/26",,0,0,0,0,,,,78.57,,6.925
"1095734_937_65433","Botola Pro 24/25",,0,0,2,0,,,,89.53,,7.1333333333333
"997038_937_65433","Botola Pro 24/25",,0,1,0,0,,,,75.21,,6.7285714285714
"997038_17073_53271","Primera Federación 23/24",,2,,2,0,,,,,,
"1923776_937_65433","Botola Pro 24/25",,3,0,4,0,,,,75.63,,6.7238095238095
"1095733_937_78750","Botola Pro 25/26",,0,0,1,0,,,,90.57,,6.875
"1095733_13998_52938","Arab Club Champions Cup 2023",,0,,0,0,,,1,87.096774193548,,6.7
"1525284_937_78750","Botola Pro 25/26",,0,0,0,0,,,,68.97,,6.5833333333333
"1525284_937_54108","Botola Pro 23/24",,5,0,2,0,,,,67.11,,6.8321428571429
"1525284_16641_69457","Premier League 24/25",,5,0,0,0,,,,,,
"1994372_937_78750","Botola Pro 25/26",,0,1,1,0,,,,67.68,,6.8142857142857
"1994372_937_65433","Botola Pro 24/25",,1,0,2,0,,,,80.3,,6.7055555555556
"1140894_937_78750","Botola Pro 25/26",,1,0,1,0,,,,71.88,,6.5428571428571
"1140894_937_65433","Botola Pro 24/25",,4,3,4,0,,,,69.81,,6.7590909090909
"1140894_937_54108","Botola Pro 23/24",,6,3,1,0,,,,72.85,,6.8103448275862
"1013427_937_78750","Botola Pro 25/26",,1,0,0,0,,,,75,,6.84
"1013427_937_54108","Botola Pro 23/24",,0,5,2,0,,,,76.97,,6.9590909090909
"1013427_1054_53661","CAF Champions League 23/24",,1,0,0,0,,,4,75.675675675676,,7.0666666666667
"1407530_937_78750","Botola Pro 25/26",,0,0,0,0,,,,62.69,,6.85
"1407530_937_65433","Botola Pro 24/25",,2,0,3,1,,,,70,,7.1869565217391
"1407530_937_54108","Botola Pro 23/24",,0,1,2,0,,,,68.93,,6.9894736842105
"1942512_937_78750","Botola Pro 25/26",,0,1,1,0,,,,68.49,,7.15
"1942512_937_65433","Botola Pro 24/25",,2,0,6,0,,,,75.41,,6.8772727272727
"1957278_937_78750","Botola Pro 25/26",,0,0,1,0,,,,84.66,,6.4333333333333
"1957278_937_65433","Botola Pro 24/25",,1,0,3,0,,,,81.45,,6.616
"1095721_937_78750","Botola Pro 25/26",,0,0,0,0,,,,0,,7.2
"1095721_937_65433","Botola Pro 24/25",,1,0,2,0,,,,73.02,,6.7047619047619
"1095721_1054_38336","CAF Champions League 21/22",,0,0,1,0,,,0,100,,6.7
"919342_937_78750","Botola Pro 25/26",,1,0,1,0,,,,83.78,,7.0428571428571
"919342_937_65433","Botola Pro 24/25",,1,1,2,0,,,,84.45,,7.0583333333333
"919342_16641_56055","Premier League 23/24",,3,2,2,0,,,,,,
"1525294_937_78750","Botola Pro 25/26",,0,0,0,0,,,,93.02,,7.5
"1525294_937_54108","Botola Pro 23/24",,0,1,3,0,,,,83.8,,6.8333333333333
"1095728_937_65433","Botola Pro 24/25",,1,1,1,0,,,,79.25,,6.6866666666667
"1095728_937_54108","Botola Pro 23/24",,0,0,2,0,,,,72.65,,6.6105263157895
"1919276_937_78750","Botola Pro 25/26",,0,0,2,0,,,,87.21,,6.8428571428571
"1919276_937_65433","Botola Pro 24/25",,1,0,8,0,,,,88.64,,6.795
"1010827_937_78750","Botola Pro 25/26",,0,0,0,0,,,,78.69,,7.05
"1010827_937_65433","Botola Pro 24/25",,0,0,1,0,,,,83.73,,6.5823529411765
"1457867_937_78750","Botola Pro 25/26",,1,0,2,0,,,,72.55,,6.9333333333333
"1457867_1054_64021","CAF Champions League 24/25",,0,0,1,0,,,2,78.155339805825,,7.2
"1457867_1848_58857","Africa Cup of Nations Qual. 2024",,0,0,0,0,,,0,100,,6.8
"1140818_937_65433","Botola Pro 24/25",,0,0,0,0,,,,78.53,,6.9714285714286
"1140818_937_54108","Botola Pro 23/24",,1,0,2,0,,,,85.14,,6.8
"1140818_13998_52938","Arab Club Champions Cup 2023",,0,,1,0,,,1,84.126984126984,,6.5333333333333
"1525306_937_78750","Botola Pro 25/26",,0,0,0,0,,,,83.87,,6.8285714285714
"1525306_937_65433","Botola Pro 24/25",,0,0,6,1,,,,80.11,,6.82
"1525306_937_54108","Botola Pro 23/24",,0,1,1,0,,,,74.07,,6.64375
"1140911_937_78750","Botola Pro 25/26",,0,0,0,0,,,,81.25,,6.5
"1140911_16641_69457","Premier League 24/25",,0,0,0,0,,,,,,
"1468076_937_78750","Botola Pro 25/26",,1,0,3,0,,,,80.92,,7.4
"1546502_937_78750","Botola Pro 25/26",,0,1,1,0,,,,80.57,,6.8285714285714
"1546502_937_65433","Botola Pro 24/25",,1,0,3,0,,,,73.98,,6.736
"1546502_937_54108","Botola Pro 23/24",,0,0,4,0,,,,73.3,,6.5666666666667
"919768_937_78750","Botola Pro 25/26",,0,0,0,0,,,,0,,6.5
"919768_937_54108","Botola Pro 23/24",,1,1,1,0,,,,71.04,,6.9411764705882
"1140922_937_78750","Botola Pro 25/26",,0,0,1,0,,,,87.69,,6.52
"1140922_937_65433","Botola Pro 24/25",,0,0,0,0,,,,89.13,,7.1
"1140922_937_54108","Botola Pro 23/24",,0,0,1,0,,,,80.85,,6.6357142857143
"1004249_937_78750","Botola Pro 25/26",,0,0,0,0,,,,80,,6.95
"1004249_937_65433","Botola Pro 24/25",,0,0,0,0,,,,85.42,,7.0125
"1004249_937_54108","Botola Pro 23/24",,0,0,2,0,,,,84.14,,6.9666666666667
"919632_1054_34871","CAF Champions League 20/21",,0,0,0,0,,,0,50,,6.4
"1008634_937_78750","Botola Pro 25/26",,0,0,0,0,,,,87.1,,7
"1008634_937_65433","Botola Pro 24/25",,0,0,0,0,,,,83.58,,6.84
"1008634_937_54108","Botola Pro 23/24",,0,0,3,0,,,,81.53,,7.1
"1939981_937_65433","Botola Pro 24/25",,0,2,0,0,,,,68.57,,6.6111111111111
"2051799_937_65433","Botola Pro 24/25",,0,0,0,0,,,,0,,
"2268625_937_78750","Botola Pro 25/26",,0,0,0,0,,,,82.14,,6.4
"2268627_937_78750","Botola Pro 25/26",,0,0,2,0,,,,83.33,,6.5666666666667
"1063163_937_78750","Botola Pro 25/26",,0,0,0,0,,,,66.67,,6.65
"1063163_720_64056","Abissnet Superiore 24/25",,13,1,1,0,,,,79.85,,7.0090909090909
"1063163_182_42272","Ligue 2 22/23",,0,0,0,0,,,2,67.307692307692,,6.55
"2003720_937_78750","Botola Pro 25/26",,3,0,0,0,,,,72.73,,6.85
"2003720_937_65433","Botola Pro 24/25",,1,0,0,0,,,,83.72,,6.8
"2003720_1115_64054","CAF Confederations Cup 24/25",,0,0,0,0,,,0,44.444444444444,,6.7
"1140842_937_78750","Botola Pro 25/26",,0,0,0,0,,,,0,,6.7
"1140842_937_65433","Botola Pro 24/25",,0,0,1,0,,,,62.5,,6.56
"1140842_937_54108","Botola Pro 23/24",,0,1,3,0,,,,68.06,,6.58
"1597138_937_78750","Botola Pro 25/26",,0,0,0,0,,,,0,,6.4
"1597138_937_65433","Botola Pro 24/25",,3,1,4,0,,,,77.57,,6.7380952380952
"1597138_937_54108","Botola Pro 23/24",,0,0,1,0,,,,65.71,,6.325
"972819_937_78750","Botola Pro 25/26",,0,0,0,0,,,,90.91,,6.6333333333333
"972819_13_56249","World Cup Qual. CAF  2025",,0,0,1,0,,,,,,
"972819_1848_41862","Africa Cup of Nations Qual. 2023",,0,,0,0,,,0,71.428571428571,,6.2
"1597137_937_78750","Botola Pro 25/26",,0,0,2,0,,,,84.25,,6.4666666666667
"1597137_937_65433","Botola Pro 24/25",,0,0,0,0,,,,0,,6.6
"1597137_279_55176","U17 World Championship 2023",,0,,1,0,,,0,70.652173913043,,6.7
"1182630_937_78750","Botola Pro 25/26",,1,0,1,0,,,,62.69,,6.86
"1182630_937_65433","Botola Pro 24/25",,6,4,2,0,,,,65.28,,7.1851851851852
"1182630_937_54108","Botola Pro 23/24",,3,0,3,0,,,,67.96,,6.7333333333333
"864774_937_78750","Botola Pro 25/26",,0,0,0,1,,,,79.59,,6.575
"864774_13_56249","World Cup Qual. CAF  2025",,0,0,0,0,,,,,,
"864774_182_61737","Ligue 2 24/25",,0,0,2,0,,,2,84.383202099738,,6.7928571428571
"997190_937_78750","Botola Pro 25/26",,0,1,0,0,,,,0,,6.9
"997190_724_52544","1. NL 23/24",,1,,2,0,,,,,,
"372340_937_78750","Botola Pro 25/26",,0,0,0,0,,,,84.31,,6.74
"372340_140_72840","CONCACAF Gold Cup 2025",,1,0,2,0,,,0,91.666666666667,,6.7
"372340_140_50492","CONCACAF Gold Cup 2023",,2,0,1,0,,,0,83.673469387755,,7.0333333333333
"1947611_937_65433","Botola Pro 24/25",,0,0,1,0,,,,69.27,,6.5894736842105
"1461782_937_78750","Botola Pro 25/26",,0,0,0,0,,,,76.06,,6.675
"1461782_937_65433","Botola Pro 24/25",,0,1,3,1,,,,76.52,,6.792
"1461782_937_54108","Botola Pro 23/24",,0,1,1,0,,,,87.5,,6.8666666666667
"1182631_937_78750","Botola Pro 25/26",,0,0,0,0,,,,60,,6.675
"1182631_937_65433","Botola Pro 24/25",,2,2,1,0,,,,53.49,,6.785
"1182631_937_54108","Botola Pro 23/24",,1,2,4,0,,,,59.35,,6.7947368421053
"1013197_937_78750","Botola Pro 25/26",,0,0,3,0,,,,80.47,,6.62
"1013197_937_65433","Botola Pro 24/25",,0,0,4,0,,,,84.59,,6.6785714285714
"1013197_937_54108","Botola Pro 23/24",,3,1,7,0,,,,85.04,,6.8379310344828
"1140799_937_78750","Botola Pro 25/26",,0,0,0,0,,,,88.24,,6.9
"1140799_937_65433","Botola Pro 24/25",,2,1,4,0,,,,73.15,,6.6142857142857
"1140799_937_54108","Botola Pro 23/24",,2,1,4,0,,,,72.89,,6.7352941176471
"1525286_937_78750","Botola Pro 25/26",,0,1,0,0,,,,69.08,,7.1666666666667
"1525286_937_65433","Botola Pro 24/25",,0,0,0,0,,,,,,
"1525286_937_54108","Botola Pro 23/24",,0,0,0,0,,,,80,,6.75
"1140843_937_65433","Botola Pro 24/25",,0,0,0,0,,,,67.65,,6.65
"1866207_937_65433","Botola Pro 24/25",,0,0,0,0,,,,60.61,,6.6
"1866207_937_54108","Botola Pro 23/24",,0,0,0,0,,,,0,,6.65
"2065684_937_78750","Botola Pro 25/26",,0,0,0,0,,,,,,
"975173_937_78750","Botola Pro 25/26",,0,0,2,0,,,,78.35,,7.0166666666667
"975173_216_61670","Challenge League 24/25",,4,3,5,0,,,12,77.276908923643,,6.8433333333333
"975173_216_23994","Challenge League 19/20",,3,,2,0,,,,,,
"1634303_937_78750","Botola Pro 25/26",,0,0,1,0,,,,84.16,,6.65
"1634303_183_64124","National 1 24/25",,1,0,4,0,,,,85.38,,6.8421052631579
"1592863_937_78750","Botola Pro 25/26",,0,0,3,0,,,,81.25,,6.4666666666667
"1592863_937_65433","Botola Pro 24/25",,3,0,6,0,,,,77.97,,6.9615384615385
"1592863_937_54108","Botola Pro 23/24",,3,0,2,0,,,,81.46,,6.9619047619048
"988630_937_78750","Botola Pro 25/26",,0,0,0,0,,,,81.58,,6.5
"988630_183_64124","National 1 24/25",,1,0,5,0,,,,82.39,,6.824
"988630_266_52328","Israeli Premier League 23/24",,1,,2,2,,,4,80.134357005758,,6.6833333333333
"1990600_937_78750","Botola Pro 25/26",,0,0,1,0,,,,73.91,,6.475
"1990600_937_65433","Botola Pro 24/25",,0,1,2,0,,,,67.69,,6.6117647058824
"1008871_937_78750","Botola Pro 25/26",,0,0,1,0,,,,79.25,,6.7
"1008871_937_65433","Botola Pro 24/25",,0,0,1,0,,,,79.45,,6.6777777777778
"1008871_937_54108","Botola Pro 23/24",,0,0,2,0,,,,78.84,,6.9222222222222
"1655428_937_78750","Botola Pro 25/26",,0,0,1,0,,,,,,
"1655428_937_65433","Botola Pro 24/25",,0,0,0,0,,,,,,
"1937706_937_78750","Botola Pro 25/26",,0,0,1,0,,,,78,,6.4
"1937706_937_65433","Botola Pro 24/25",,0,0,0,0,,,,60.71,,6.5666666666667
"2046419_937_65433","Botola Pro 24/25",,0,0,2,0,,,,73.13,,6.4333333333333
"1463237_937_78750","Botola Pro 25/26",,0,0,1,0,,,,71.88,,6.6666666666667
"1463237_937_65433","Botola Pro 24/25",,0,0,1,0,,,,75.44,,7.1166666666667
"1463237_937_54108","Botola Pro 23/24",,0,0,2,0,,,,83.33,,7.2333333333333
"1089964_937_65433","Botola Pro 24/25",,0,0,0,0,,,,83.02,,6.82
"1984507_937_65433","Botola Pro 24/25",,0,0,0,0,,,,,,
"2012060_937_65433","Botola Pro 24/25",,0,0,0,0,,,,,,
"1937707_937_65433","Botola Pro 24/25",,0,0,0,0,,,,0,,6.2
"1923951_937_65433","Botola Pro 24/25",,0,0,0,0,,,,0,,
"2169554_937_78750","Botola Pro 25/26",,1,0,1,0,,,,82.35,,6.84
"2169554_453_76095","U-20 World Championship 2025",,0,0,0,0,,,0,58.620689655172,,6.4666666666667
"141072_937_78750","Botola Pro 25/26",,0,0,0,0,,,,0,,6.6
"141072_182_61737","Ligue 2 24/25",,7,1,3,1,,,10,69.432918395574,,7.151724137931
"141072_182_52572","Ligue 2 23/24",,9,3,3,1,,,15,66.978609625668,,7.0838709677419
"1484767_937_78750","Botola Pro 25/26",,0,0,0,0,,,,78.95,,6.6
"1870410_937_78750","Botola Pro 25/26",,1,1,3,0,,,,71.43,,6.5875
"1870410_1115_64054","CAF Confederations Cup 24/25",,0,0,0,0,,,0,50,,6.6
"1099412_13_56249","World Cup Qual. CAF  2025",,0,0,2,0,,,,,,
"1099412_1054_64021","CAF Champions League 24/25",,0,0,0,0,,,2,72.368421052632,,6.7333333333333
"1099412_1848_58857","Africa Cup of Nations Qual. 2024",,2,0,0,0,,,1,83.464566929134,,6.975
"919954_937_78750","Botola Pro 25/26",,1,0,2,0,,,,78.79,,6.7375
"919954_937_65433","Botola Pro 24/25",,2,1,1,1,,,,77.84,,6.8695652173913
"919954_937_54108","Botola Pro 23/24",,3,1,3,0,,,,76.72,,6.7862068965517
"1140943_937_78750","Botola Pro 25/26",,0,0,1,0,,,,81.68,,6.8833333333333
"1140943_937_65433","Botola Pro 24/25",,0,0,1,0,,,,89.33,,6.8333333333333
"1140943_937_54108","Botola Pro 23/24",,1,0,2,0,,,,90.3,,6.7666666666667
"1140945_937_78750","Botola Pro 25/26",,3,0,1,0,,,,76.7,,7.15
"1140945_937_65433","Botola Pro 24/25",,5,1,2,0,,,,76.08,,6.8315789473684
"1140945_937_54108","Botola Pro 23/24",,2,2,3,1,,,,79.42,,7.1761904761905
"1596891_937_78750","Botola Pro 25/26",,0,0,2,0,,,,85.04,,6.7875
"1596891_937_54108","Botola Pro 23/24",,0,0,2,0,,,,84.34,,6.8142857142857
"1596891_1115_53523","CAF Confederations Cup 23/24",,0,0,0,0,,,0,100,,6.9
"1471617_937_78750","Botola Pro 25/26",,1,1,2,0,,,,73.91,,6.9333333333333
"1471617_937_65433","Botola Pro 24/25",,3,1,4,0,,,,73.46,,6.8
"1471617_937_54108","Botola Pro 23/24",,2,0,5,0,,,,74.91,,6.7666666666667
"1592653_937_78750","Botola Pro 25/26",,1,0,1,0,,,,57.14,,6.8333333333333
"1592653_937_54108","Botola Pro 23/24",,0,0,0,0,,,,61.54,,6.5
"1592653_16641_69457","Premier League 24/25",,1,3,2,0,,,,,,
"1488437_937_78750","Botola Pro 25/26",,0,0,3,0,,,,77.08,,6.775
"1170665_937_78750","Botola Pro 25/26",,0,0,2,0,,,,68.85,,6.7
"1170665_937_54108","Botola Pro 23/24",,1,1,4,1,,,,76.04,,6.6777777777778
"1170665_1369_39038","UAE League Cup 21/22",,0,0,0,0,,,0,71.428571428571,,6.65
"1140927_937_78750","Botola Pro 25/26",,0,0,1,0,,,,80.77,,6.6
"1140927_937_54108","Botola Pro 23/24",,3,0,1,1,,,,80.17,,6.8
"1494677_937_78750","Botola Pro 25/26",,0,0,0,0,,,,0,,6.6
"1006303_937_78750","Botola Pro 25/26",,0,0,1,1,,,,85.96,,6.7857142857143
"1006303_13_56249","World Cup Qual. CAF  2025",,0,0,0,0,,,,,,
"1006303_2120_63548","Saudi 1st Division 24/25",,0,0,3,1,,,,82.37,,6.7214285714286
"1655335_937_54108","Botola Pro 23/24",,0,0,0,0,,,,82.69,,6.78
"1408170_937_78750","Botola Pro 25/26",,0,0,0,0,,,,77.04,,6.7333333333333
"1160527_13_56249","World Cup Qual. CAF  2025",,0,0,2,0,,,,,,
"2169552_937_78750","Botola Pro 25/26",,0,0,0,0,,,,87.93,,6.8666666666667
"1413546_937_78750","Botola Pro 25/26",,0,0,0,0,,,,,,
"1009910_937_65433","Botola Pro 24/25",,0,0,6,0,,,,81.08,,6.8576923076923
"1009910_937_54108","Botola Pro 23/24",,0,0,1,0,,,,81.17,,6.9230769230769
"1519084_937_78750","Botola Pro 25/26",,0,1,1,0,,,,80.26,,6.6833333333333
"2294929_937_78750","Botola Pro 25/26",,0,1,1,0,,,,75.71,,7.14
"2267001_937_78750","Botola Pro 25/26",,0,0,0,1,,,,90,,5.4
"2293695_937_78750","Botola Pro 25/26",,0,0,1,0,,,,0,,6.4
"1140875_937_78750","Botola Pro 25/26",,0,0,0,0,,,,81.25,,7
"919662_1115_44969","CAF Confederations Cup 22/23",,0,0,0,0,,,0,47.058823529412,,6.3
"2169549_937_78750","Botola Pro 25/26",,0,0,1,0,,,,82.76,,7.3
"1095725_937_78750","Botola Pro 25/26",,1,1,2,0,,,,70,,6.7857142857143
"1095725_937_65433","Botola Pro 24/25",,11,3,5,0,,,,70.08,,7.1347826086957
"1095725_637_77585","African Nations Championship 2025",,0,0,1,0,,,0,60,,6.5
"1416350_937_78750","Botola Pro 25/26",,0,0,1,0,,,,0,,6.45
"1416350_937_65433","Botola Pro 24/25",,7,0,6,0,,,,67.77,,6.836
"1416350_937_54108","Botola Pro 23/24",,6,0,7,1,,,,73.3,,6.708
"1471574_937_78750","Botola Pro 25/26",,1,0,0,0,,,,83.33,,6.8285714285714
"1471574_937_65433","Botola Pro 24/25",,7,1,1,0,,,,82.13,,7.2222222222222
"1471574_937_54108","Botola Pro 23/24",,0,0,1,0,,,,90.09,,6.525
"1605031_937_78750","Botola Pro 25/26",,0,0,0,0,,,,0,,
"1605031_13_56249","World Cup Qual. CAF  2025",,,,,,,,,,,
"1605031_1848_58857","Africa Cup of Nations Qual. 2024",,0,0,0,0,,,0,0,,6.5
"1020959_937_78750","Botola Pro 25/26",,1,1,2,0,,,,68.71,,7.0285714285714
"1020959_937_65433","Botola Pro 24/25",,9,1,8,1,,,,66.83,,7.088
"1020959_937_54108","Botola Pro 23/24",,3,0,12,0,,,,78.65,,6.7962962962963
"1140870_937_78750","Botola Pro 25/26",,0,0,0,1,,,,86.67,,6.2
"1140870_937_65433","Botola Pro 24/25",,3,4,2,0,,,,78.98,,7.2434782608696
"1140870_937_54108","Botola Pro 23/24",,0,0,0,0,,,,81.36,,6.75
"1855780_2063_74632","U20 Africa Cup of Nations 2025",,0,0,0,0,,,,0,,
"1855780_937_65433","Botola Pro 24/25",,0,0,2,0,,,,85.51,,6.7875
"1140933_937_78750","Botola Pro 25/26",,0,0,0,0,,,,70.59,,6.94
"1140933_937_65433","Botola Pro 24/25",,0,0,1,0,,,,75.47,,6.7777777777778
"1140933_937_54108","Botola Pro 23/24",,3,0,6,0,,,,80.62,,7.05
"1004248_937_78750","Botola Pro 25/26",,1,1,1,0,,,,81.5,,7.3142857142857
"1004248_937_65433","Botola Pro 24/25",,3,2,2,0,,,,82.84,,7.2821428571429
"1004248_937_54108","Botola Pro 23/24",,0,0,6,1,,,,89.76,,6.7555555555556
"1140934_937_78750","Botola Pro 25/26",,2,0,0,0,,,,66.2,,6.8428571428571
"1140934_937_65433","Botola Pro 24/25",,1,4,1,0,,,,70.64,,6.9227272727273
"1140934_1054_38336","CAF Champions League 21/22",,0,0,0,0,,,0,75,,6.65
"919485_937_78750","Botola Pro 25/26",,0,0,0,0,,,,0,,6.4
"919485_937_65433","Botola Pro 24/25",,1,0,3,0,,,,81.34,,6.78
"919485_937_54108","Botola Pro 23/24",,9,1,4,0,,,,76.09,,7.0130434782609
"1655612_937_78750","Botola Pro 25/26",,1,2,0,0,,,,83.42,,6.9428571428571
"1655612_937_65433","Botola Pro 24/25",,4,0,2,0,,,,80.49,,6.775
"1655612_937_54108","Botola Pro 23/24",,0,1,0,0,,,,84.21,,6.75
"1021152_937_78750","Botola Pro 25/26",,0,0,1,0,,,,65.22,,6.5666666666667
"1021152_937_65433","Botola Pro 24/25",,1,3,4,0,,,,73.66,,6.7222222222222
"1022302_937_78750","Botola Pro 25/26",,0,0,1,0,,,,82.92,,6.9285714285714
"1022302_937_65433","Botola Pro 24/25",,2,0,6,1,,,,82.52,,6.948
"1022302_937_54108","Botola Pro 23/24",,0,1,3,0,,,,81.42,,6.9555555555556
"1112763_937_78750","Botola Pro 25/26",,0,0,1,0,,,,86.79,,6.825
"1112763_937_54108","Botola Pro 23/24",,0,0,3,0,,,,90.54,,7.025
"1112763_16641_69457","Premier League 24/25",,0,0,0,0,,,,,,
"1461307_937_78750","Botola Pro 25/26",,0,0,1,0,,,,90.54,,6.45
"1461307_937_65433","Botola Pro 24/25",,0,1,3,0,,,,87.04,,6.7655172413793
"1461307_937_54108","Botola Pro 23/24",,0,0,1,0,,,,86.75,,6.7923076923077
"1015235_937_78750","Botola Pro 25/26",,0,0,3,1,,,,69.11,,6.5833333333333
"1015235_937_65433","Botola Pro 24/25",,0,6,3,0,,,,75.21,,6.8652173913043
"1015235_937_54108","Botola Pro 23/24",,1,1,3,0,,,,79.42,,6.864
"970834_937_78750","Botola Pro 25/26",,0,0,2,0,,,,79.24,,6.5428571428571
"970834_937_65433","Botola Pro 24/25",,1,2,1,0,,,,74.75,,6.8782608695652
"970834_937_54108","Botola Pro 23/24",,1,2,3,0,,,,79.16,,6.9703703703704
"919942_937_78750","Botola Pro 25/26",,0,0,1,0,,,,78.65,,6.925
"919942_937_65433","Botola Pro 24/25",,2,2,7,1,,,,86.25,,7.1769230769231
"919942_937_54108","Botola Pro 23/24",,1,0,7,0,,,,86.92,,6.9310344827586
"1140857_937_78750","Botola Pro 25/26",,0,0,1,0,,,,85.71,,6.68
"1140857_937_65433","Botola Pro 24/25",,0,0,4,0,,,,81.8,,6.7055555555556
"1140857_937_54108","Botola Pro 23/24",,0,2,4,1,,,,76.52,,6.6857142857143
"1140958_937_78750","Botola Pro 25/26",,0,0,0,0,,,,62.71,,6.8
"1140958_937_65433","Botola Pro 24/25",,1,1,2,0,,,,76.53,,6.9230769230769
"1140958_937_54108","Botola Pro 23/24",,0,1,0,0,,,,78.94,,7.1785714285714
"919749_1054_53661","CAF Champions League 23/24",,0,0,2,0,,,0,71.85628742515,,7.1857142857143
"919749_1115_44969","CAF Confederations Cup 22/23",,0,0,0,0,,,0,73.684210526316,,6.5666666666667
"1212072_937_78750","Botola Pro 25/26",,0,0,0,0,,,,62.07,,6.6
"1212072_937_65433","Botola Pro 24/25",,0,0,2,0,,,,81.82,,6.9941176470588
"1212072_937_54108","Botola Pro 23/24",,0,0,1,0,,,,91.04,,7.3
"1597135_937_78750","Botola Pro 25/26",,0,0,1,0,,,,75,,6.84
"1597135_937_65433","Botola Pro 24/25",,0,0,0,0,,,,74.58,,6.9333333333333
"1597135_279_55176","U17 World Championship 2023",,0,,0,0,,,0,61.146496815287,,7.04
"1112630_131_42258","Eerste Divisie 22/23",,0,0,0,0,,,2,80.645161290323,,6.46
"1112630_131_29187","Eerste Divisie 20/21",,0,,0,0,,,0,80,,6.5
"919685_937_78750","Botola Pro 25/26",,0,0,0,0,,,,75,,6.5625
"919685_1054_24785","CAF Champions League 19/20",,0,0,0,0,,,0,64.705882352941,,6.85
"1525309_937_78750","Botola Pro 25/26",,3,1,2,0,,,,71.64,,6.875
"2267315_937_78750","Botola Pro 25/26",,1,0,2,0,,,,74.47,,7.125
"2267314_937_78750","Botola Pro 25/26",,0,0,0,0,,,,59.46,,6.6
"281093_937_78750","Botola Pro 25/26",,0,1,2,0,,,,72.82,,6.925
"281093_937_65433","Botola Pro 24/25",,0,0,0,0,,,,77.06,,6.5625
"281093_937_54108","Botola Pro 23/24",,0,1,4,0,,,,78.16,,6.9333333333333
"919770_937_78750","Botola Pro 25/26",,3,0,0,0,,,,87.04,,7.0875
"919770_937_65433","Botola Pro 24/25",,2,0,0,0,,,,84.62,,6.6
"919770_1115_44969","CAF Confederations Cup 22/23",,1,0,0,0,,,7,81.756756756757,,6.6666666666667
"2267305_937_78750","Botola Pro 25/26",,1,1,2,1,,,,82.58,,6.88
"2267304_937_78750","Botola Pro 25/26",,0,0,1,1,,,,82.31,,7.0285714285714
"1401968_937_78750","Botola Pro 25/26",,0,0,1,0,,,,80,,7.1
"2267337_937_78750","Botola Pro 25/26",,0,0,0,0,,,,76.34,,7
"2267307_937_78750","Botola Pro 25/26",,0,0,1,1,,,,81.03,,6.56
"2267308_937_78750","Botola Pro 25/26",,0,0,0,0,,,,76.6,,6.6714285714286
"1014435_937_78750","Botola Pro 25/26",,0,1,1,0,,,,83.75,,7.05
"1014435_937_54108","Botola Pro 23/24",,1,1,6,0,,,,90.93,,7.3206896551724
"1014435_16641_69457","Premier League 24/25",,1,0,2,0,,,,,,
"1020321_937_78750","Botola Pro 25/26",,0,0,0,0,,,,0,,6.3
"1020321_16641_69457","Premier League 24/25",,0,0,3,0,,,,,,
"2267303_937_78750","Botola Pro 25/26",,0,0,3,0,,,,68.24,,6.675
